ABBREV_NDB_No,ABBREV_Shrt_Desc,Name,Group,Subgroup,Only_one_group,Water_(g),Energ_Kcal,Protein_(g),Lipid_Tot_(g),Ash_(g),Carbohydrt_(g),Fiber_TD_(g),Sugar_Tot_(g),Calcium_(mg),Iron_(mg),Magnesium_(mg),Phosphorus_(mg),Potassium_(mg),Sodium_(mg),Zinc_(mg),Copper_mg),Manganese_(mg),Selenium_(?),Vit_C_(mg),Thiamin_(mg),Riboflavin_(mg),Niacin_(mg),Panto_Acid_mg),Vit_B6_(mg),Folate_Tot_(?),Folic_Acid_(?),Food_Folate_(?),Folate_DFE_(?),Choline_Tot_ (mg),Vit_B12_(?),Vit_A_IU,Vit_A_RAE,Retinol_(?),Alpha_Carot_(?),Beta_Carot_(?),Beta_Crypt_(?),Lycopene_(?),Lut+Zea_ (?),Vit_E_(mg),Vit_D_?,Vit_D_IU,Vit_K_(?),FA_Sat_(g),FA_Mono_(g),FA_Poly_(g),Cholestrl_(mg),GmWt_1,GmWt_Desc1,GmWt_2,GmWt_Desc2,Refuse_Pct,FD_GROUP_FdGrp_CD,FdGrp_Desc,FOOD_DES_NDB_No,FOOD_DES_FdGrp_Cd,Long_Desc,FOOD_DES_Shrt_Desc,ComName,ManufacName,Survey,Ref_Desc,Refuse,SciName,N_Factor,Pro_Factor,Fat_Factor,CHO_Factor,Default_Value,Minumum_Value,Maximum_Value,
1049,"CREAM,FLUID,HALF AND HALF",Cream,Liquids,Dairy,Liquid,81.24,123,3.13,10.39,0.51,4.73,0,4.13,107,0.05,10,95,132,61,0.39,9,5,3.2,0.9,0.03,194,109,539,0.05,3,0,3,3,18.7,0.19,354,97,95,0,22,0,0,0,0.25,0,2,1.3,7.032,3.32,554,35,30.2,1 fl oz,15,1 tbsp,0,100,Dairy and Egg Products,1049,100,"Cream, fluid, half and half","CREAM,FLUID,HALF AND HALF",,,Y,,0,,"6,380,000,114","4,269,999,981","8,789,999,962","3,869,999,886",,,,
1077,"MILK,WHL,3.25% MILKFAT,W/ ADDED VITAMIN D","Milk, 3,25 %",Liquids,Dairy,Liquid,88.13,61,3.15,3.25,0.67,4.8,0,5.05,113,0.03,10,84,132,43,0.37,25,4,3.7,0,46,169,89,373,36,5,0,5,5,14.3,0.45,162,46,45,0,7,0,0,0,0.07,1.3,51,0.3,1.865,812,195,10,244,1 cup,30.5,1 fl oz,0,100,Dairy and Egg Products,1077,100,"Milk, whole, 3.25% milkfat, with added vitamin D","MILK,WHL,3.25% MILKFAT,W/ ADDED VITAMIN D",,,Y,,0,,"6,380,000,114","4,269,999,981","8,789,999,962","3,869,999,886",,,,
1079,"MILK,RED FAT,FLUID,2% MILKFAT,W/ ADDED VIT A & VITAMIN D","Milk, 2 %",Liquids,Dairy,Liquid,89.21,50,3.3,1.98,0.71,4.8,0,5.06,120,0.02,11,92,140,47,0.48,6,14,2.5,0.2,39,185,92,356,38,5,0,5,5,16.4,0.53,190,55,55,0,4,0,0,0,0.03,1.2,49,0.2,1.257,0.56,73,8,244,1 cup,30.5,1 fl oz,0,100,Dairy and Egg Products,1079,100,"Milk, reduced fat, fluid, 2% milkfat, with added vitamin A and vitamin D","MILK,RED FAT,FLUID,2% MILKFAT,W/ ADDED VIT A & VITAMIN D",,,Y,,0,,"6,380,000,114","4,269,999,981","8,789,999,962","3,869,999,886",,,,
1082,"MILK,LOWFAT,FLUID,1% MILKFAT,W/ ADDED VIT A & VITAMIN D",Milk 1 %,Liquids,Dairy,Liquid,89.92,42,3.37,0.97,0.75,4.99,0,5.2,125,0.03,11,95,150,44,0.42,0.01,3,3.3,0,0.02,185,93,361,37,5,0,5,5,17.7,0.47,196,58,58,0,2,0,0,0,0.01,1.2,48,0.1,633,277,35,5,244,1 cup,30.5,1 fl oz,0,100,Dairy and Egg Products,1082,100,"Milk, lowfat, fluid, 1% milkfat, with added vitamin A and vitamin D","MILK,LOWFAT,FLUID,1% MILKFAT,W/ ADDED VIT A & VITAMIN D",,,Y,,0,,"6,380,000,114","4,269,999,981","8,789,999,962","3,869,999,886",,,,
1116,"YOGURT,PLN,WHL MILK,8 GRAMS PROT PER 8 OZ","Yoghurt, plain",Liquids,Dairy,Liquid,87.9,61,3.47,3.25,0.72,4.66,0,4.66,121,0.05,12,95,155,46,0.59,9,4,2.2,0.5,29,142,75,389,32,7,0,7,7,15.2,0.37,99,27,27,0,5,0,0,0,0.06,0.1,2,0.2,2.096,893,92,13,170,"1 container,  (6 oz)",227,"1 container,  (8 oz)",0,100,Dairy and Egg Products,1116,100,"Yogurt, plain, whole milk, 8 grams protein per 8 ounce","YOGURT,PLN,WHL MILK,8 GRAMS PROT PER 8 OZ",,,Y,,0,,"6,380,000,114","4,269,999,981","8,789,999,962","3,869,999,886",,,,
1289,"KEFIR,LOWFAT,PLN,LIFEWAY","Kefir, plain",Liquids,Dairy,Liquid,90.07,41,3.79,0.93,0.72,4.48,0,4.61,130,0.04,12,105,164,40,0.46,9,5,3.6,0.2,0.03,135,0.15,385,58,13,0,13,13,15.2,0.29,569,171,171,0,0,0,0,0,0.02,1,41,0.1,658,0.31,53,5,,,,,0,100,Dairy and Egg Products,1289,100,"Kefir, lowfat, plain, LIFEWAY","KEFIR,LOWFAT,PLN,LIFEWAY",,,Y,,0,,,,,,,,,
1112,"WHEY,ACID,FLUID",Whey,,,Liquid,93.42,24,0.76,0.09,0.61,5.12,0,5.12,103,0.08,10,78,143,48,0.43,3,2,1.8,0.1,42,0.14,79,381,42,2,0,2,2,16,0.18,7,2,2,0,0,0,0,0,0,25,4,1,246,1 cup,984,1 quart,0,100,Dairy and Egg Products,1112,100,"Whey, acid, fluid","WHEY,ACID,FLUID",,,,,0,,"6,380,000,114","4,269,999,981","8,789,999,962","3,869,999,886",,,,,,,,
1117,"YOGURT,PLN,LOFAT,12 GRAMS PROT PER 8 OZ","Yoghurt, lowfat",,,Liquid,85.07,63,5.25,1.55,1.09,7.04,0,7.04,183,0.08,17,144,234,70,0.89,13,4,3.3,0.8,44,214,114,591,49,11,0,11,11,15.2,0.56,51,14,14,0,2,0,0,0,0.03,426,44,6,170,"1 container,  (6 oz)",227,"1 container,  (8 oz)",0,100,Dairy and Egg Products,1117,100,"Yogurt, plain, low fat, 12 grams protein per 8 ounce","YOGURT,PLN,LOFAT,12 GRAMS PROT PER 8 OZ",,,Y,,0,,"6,380,000,114","4,269,999,981","8,789,999,962","3,869,999,886",,,,,,,,
1236,"ICE CRM,SOFT SERVE,CHOC",Ice cream,,,Liquid,59.8,222,4.1,13,0.9,22.2,0.7,21.16,131,0.21,12,116,177,61,0.52,0.03,5,3,0.8,49,182,95,506,48,9,0,9,9,26,0.5,589,162,159,5,30,5,0,151,0.61,3.49,0.46,91,86,.5 cup,,,0,100,Dairy and Egg Products,1236,100,"Ice cream, soft serve, chocolate","ICE CRM,SOFT SERVE,CHOC",,,Y,,0,,,,,,,,,,,,,
1119,"YOGURT,VANILLA,LOFAT,11 GRAMS PROT PER 8 OZ","Yoghurt, vailla",,,Liquid,79,85,4.93,1.25,1.02,13.8,0,13.8,171,0.07,16,135,219,66,0.83,13,4,4.9,0.8,42,201,107,552,45,11,0,11,11,15.2,0.53,43,12,12,0,2,0,0,0,0.02,343,36,5,170,"1 container,  (6 oz)",227,"1 container,  (8 oz)",0,100,Dairy and Egg Products,1119,100,"Yogurt, vanilla, low fat, 11 grams protein per 8 ounce","YOGURT,VANILLA,LOFAT,11 GRAMS PROT PER 8 OZ",,,Y,,0,,"6,380,000,114","4,269,999,981","8,789,999,962","3,869,999,886",,,,,,,,
1276,"YOGURT,GREEK,STRAWBERRY,DANNON OIKOS","Yoghurt, strawberry",,,Liquid,76.6,106,8.25,2.92,0.56,11.67,1,11,86,0.07,10,110,131,34,0.39,18,34,9.5,,36,227,0.21,0.39,0.05,,,,,,0.56,13,1,,0,8,0,0,3,,745,131,13,150,5.3 oz,,,0,100,Dairy and Egg Products,1276,100,"Yogurt, Greek, strawberry, DANNON OIKOS","YOGURT,GREEK,STRAWBERRY,DANNON OIKOS",,Danone,,,0,,,,,,,,,,,,,
1290,"KEFIR,LOWFAT,STRAWBERRY,LIFEWAY","Kefir, strawberry",,,Liquid,84.82,62,3.39,0.9,0.68,10.2,0,9.21,119,0.04,11,96,154,37,0.44,9,5,3.6,1.5,0.03,0.21,105,0.38,0.06,22,0,22,22,15.2,0.31,599,178,178,0,3,0,0,0,0.06,262,41,5,,,,,0,100,Dairy and Egg Products,1290,100,"Kefir, lowfat, strawberry, LIFEWAY","KEFIR,LOWFAT,STRAWBERRY,LIFEWAY",,,Y,,0,,,,,,,,,,,,,
2050,VANILLA EXTRACT,Vanilla extract,Vegetables and Vegetable Products,Spices and Herbs,Spices and Herbs,52.58,288,0.06,0.06,0.26,12.65,0,12.65,11,0.12,12,6,148,9,0.11,72,0.23,0,0,11,95,425,35,26,0,0,0,0,,0,0,0,0,0,0,0,0,0,0,0,0,0,0.01,0.01,4,0,4.2,1 tsp,13,1 tbsp,0,200,Spices and Herbs,2050,200,Vanilla extract,VANILLA EXTRACT,,,,,0,,6.25,"2,440,000,057","8,369,999,886","3,900,000,095",,,,
9001,"ACEROLA,(WEST INDIAN CHERRY),RAW",Acerola,Fruits,Fruits,Fruits,91.41,32,0.4,0.3,0.2,7.69,1.1,,12,0.2,18,11,146,7,0.1,86,,0.6,1677.6,0.02,0.06,0.4,309,9,14,0,14,14,,0,767,38,0,,,,,,,,,,68,82,0.09,0,98,1 cup,4.8,"1 fruit, without refuse",20,900,Fruits and Fruit Juices,9001,900,"Acerola, (west indian cherry), raw","ACEROLA,(WEST INDIAN CHERRY),RAW",,,,"18% seed, 2% stem end",20,Malpighia emarginata,6.25,"3,359,999,895","8,369,999,886","3,599,999,905",,,,
9003,"APPLES,RAW,WITH SKIN",Apple,Fruits,Fruits,Fruits,85.56,52,0.26,0.17,0.19,13.81,2.4,10.39,6,0.12,5,11,107,1,0.04,27,35,0,4.6,17,26,91,61,41,3,0,3,3,3.4,0,54,3,0,0,27,11,0,29,0.18,0,0,2.2,28,7,51,0,125,"1 cup, quartered or chopped",109,"1 cup, slices",10,900,Fruits and Fruit Juices,9003,900,"Apples, raw, with skin","APPLES,RAW,WITH SKIN",Includes USDA commodity food A343,,Y,Core and stem,10,Malus domestica,6.25,"3,359,999,895","8,369,999,886","3,599,999,905",,,,
9016,"APPLE JUC,CND OR BTLD,UNSWTND,WO/ ADDED VIT C",Apple juice,Liquids,Fruit Juices,Liquid,88.24,46,0.1,0.13,0.23,11.3,0.2,9.62,8,0.12,5,7,101,4,0.02,12,74,0.1,0.9,21,17,73,49,18,0,0,0,0,1.8,0,1,0,0,0,0,0,0,16,0.01,0,0,0,22,6,39,0,248,1 cup,31,1 fl oz,0,900,Fruits and Fruit Juices,9016,900,"Apple juice, canned or bottled, unsweetened, without added ascorbic acid","APPLE JUC,CND OR BTLD,UNSWTND,WO/ ADDED VIT C",,,Y,,0,,6.25,"3,359,999,895","8,369,999,886","3,920,000,076",,,,
9021,"APRICOTS,RAW",Apricots,Fruits,Fruits,Fruits,86.35,48,1.4,0.39,0.75,11.12,2,9.24,13,0.39,10,23,259,1,0.2,78,77,0.1,10,0.03,0.04,0.6,0.24,54,9,0,9,9,2.8,0,1926,96,0,19,1094,104,0,89,0.89,0,0,3.3,27,0.17,77,0,155,"1 cup,  halves",165,"1 cup, sliced",7,900,Fruits and Fruit Juices,9021,900,"Apricots, raw","APRICOTS,RAW",Includes USDA commodity food A386,,Y,Pits,7,Prunus armeniaca,6.25,"3,359,999,895","8,369,999,886","3,599,999,905",,,,
9037,"AVOCADOS,RAW,ALL COMM VAR",Avocado,Fruits,Fruits,Fruits,73.23,160,2,14.66,1.58,8.53,6.7,0.66,12,0.55,29,52,485,7,0.64,0.19,142,0.4,10,67,0.13,1.738,1.389,257,81,0,81,81,14.2,0,146,7,0,24,62,28,0,271,2.07,0,0,21,2.126,9.799,1.816,0,150,"1 cup, cubes",230,"1 cup, pureed",26,900,Fruits and Fruit Juices,9037,900,"Avocados, raw, all commercial varieties","AVOCADOS,RAW,ALL COMM VAR",,,Y,Seed and skin,26,Persea americana,6.25,"3,359,999,895","8,369,999,886","3,599,999,905",,,,
9040,"BANANAS,RAW",Banana,Fruits,Fruits,Fruits,74.91,89,1.09,0.33,0.82,22.84,2.6,12.23,5,0.26,27,22,358,1,0.15,78,0.27,1,8.7,31,73,665,334,367,20,0,20,20,9.8,0,64,3,0,25,26,0,0,22,0.1,0,0,0.5,112,32,73,0,225,"1 cup, mashed",150,"1 cup, sliced",36,900,Fruits and Fruit Juices,9040,900,"Bananas, raw","BANANAS,RAW",,,Y,Skin,36,Musa acuminata Colla,6.25,"3,359,999,895","8,369,999,886","3,599,999,905",,,,
9042,"BLACKBERRIES,RAW",Blackberry,Fruits,Fruits,Fruits,88.15,43,1.39,0.49,0.37,9.61,5.3,4.88,29,0.62,20,22,162,1,0.53,165,646,0.4,21,0.02,26,646,276,0.03,25,0,25,25,8.5,0,214,11,0,0,128,0,0,118,1.17,0,0,19.8,14,47,0.28,0,144,1 cup,,,4,900,Fruits and Fruit Juices,9042,900,"Blackberries, raw","BLACKBERRIES,RAW",,,Y,Caps and spoiled berries,4,Rubus spp.,6.25,"3,359,999,895","8,369,999,886","3,599,999,905",,,,
9043,"BLACKBERRY JUC,CND",Blackberry juice,Liquids,Fruit Juices,Liquid,90.9,38,0.3,0.6,0.4,7.8,0.1,7.7,12,0.48,21,12,135,1,0.41,114,,0.3,11.3,12,18,446,,21,10,0,10,10,6.6,0,123,6,0,0,74,0,0,68,0.9,0,0,15.2,18,58,344,0,250,1 cup,,,0,900,Fruits and Fruit Juices,9043,900,"Blackberry juice, canned","BLACKBERRY JUC,CND",,,Y,,0,,,,,,,,,
9050,"BLUEBERRIES,RAW",Blueberry,Fruits,Fruits,Fruits,84.21,57,0.74,0.33,0.24,14.49,2.4,9.96,6,0.28,6,12,77,1,0.16,57,336,0.1,9.7,37,41,418,124,52,6,0,6,6,6,0,54,3,0,0,32,0,0,80,0.57,0,0,19.3,28,47,146,0,148,1 cup,68,50 berries,5,900,Fruits and Fruit Juices,9050,900,"Blueberries, raw","BLUEBERRIES,RAW",,,Y,Stems and green or spoiled berries,5,Vaccinium spp.,6.25,"3,359,999,895","8,369,999,886","3,599,999,905",,,,
9057,"BOYSENBERRIES,FRZ,UNSWTND",Boysenberries,Fruits,Fruits,Fruits,85.9,50,1.1,0.26,0.54,12.19,5.3,6.89,27,0.85,16,27,139,1,0.22,0.08,547,0.2,3.1,53,37,767,0.25,56,63,0,63,63,10.2,0,67,3,0,0,40,0,0,118,0.87,0,0,7.8,9,25,148,0,132,"1 cup, unthawed",284,"1 package,  (10 oz)",0,900,Fruits and Fruit Juices,9057,900,"Boysenberries, frozen, unsweetened","BOYSENBERRIES,FRZ,UNSWTND",,,Y,,0,,6.25,"3,359,999,895","8,369,999,886","3,599,999,905",,,,
9059,"BREADFRUIT,RAW",Breadfruit,Fruits,Fruits,Fruits,70.65,103,1.07,0.23,0.93,27.12,4.9,11,17,0.54,25,30,490,2,0.12,84,0.06,0.6,29,0.11,0.03,0.9,457,0.1,14,0,14,14,9.8,0,0,0,0,0,0,0,0,22,0.1,0,0,0.5,48,34,66,0,220,1 cup,96,".25 fruit,  small",22,900,Fruits and Fruit Juices,9059,900,"Breadfruit, raw","BREADFRUIT,RAW",,,Y,"9% core, 13% skin",22,Artocarpus altilis,6.25,"3,359,999,895","8,369,999,886","3,599,999,905",,,,
9060,"CARAMBOLA,(STARFRUIT),RAW",Carambola,Fruits,Fruits,Fruits,91.38,31,1.04,0.33,0.52,6.73,2.8,3.98,3,0.08,10,12,133,2,0.12,137,37,0.6,34.4,14,16,367,391,17,12,0,12,12,7.6,0,61,3,0,24,25,0,0,66,0.15,0,0,0,19,0.03,184,0,132,"1 cup, cubes",108,"1 cup, sliced",3,900,Fruits and Fruit Juices,9060,900,"Carambola, (starfruit), raw","CARAMBOLA,(STARFRUIT),RAW",,,Y,Seeds and stem end,3,Averrhoa carambola,6.25,"3,359,999,895","8,369,999,886","3,599,999,905",,,,
9061,"CARISSA,(NATAL-PLUM),RAW",Carissa,Fruits,Fruits,Fruits,84.17,62,0.5,1.3,0.4,13.63,,,11,1.31,16,7,260,3,,0.21,,,38,0.04,0.06,0.2,,,,,,,,0,40,2,0,,,,,,,,,,,,,0,150,"1 cup, slices",20,"1 fruit, without skin and seeds",14,900,Fruits and Fruit Juices,9061,900,"Carissa, (natal-plum), raw","CARISSA,(NATAL-PLUM),RAW",,,,"7% seeds, 7% skin",14,Carissa macrocarpa,6.25,"3,359,999,895","8,369,999,886","3,599,999,905",,,,
9062,"CHERIMOYA,RAW",Cherimoya,Fruits,Fruits,Fruits,79.39,75,1.57,0.68,0.65,17.71,3,12.87,10,0.27,17,26,287,7,0.16,69,93,,12.6,101,131,644,345,257,23,0,23,23,,0,5,0,0,0,2,1,0,6,0.27,,,,233,55,188,0,160,"1 cup, pieces",235,"1 fruit, without skin and seeds",31,900,Fruits and Fruit Juices,9062,900,"Cherimoya, raw","CHERIMOYA,RAW",,,,"Seeds, skin and core",31,Annona cherimola,6.25,"3,359,999,895","8,369,999,886","3,599,999,905",,,,
9070,"CHERRIES,SWEET,RAW",Cherries,Fruits,Fruits,Fruits,82.25,63,1.06,0.2,0.48,16.01,2.1,12.82,13,0.36,11,21,222,0,0.07,0.06,0.07,0,7,27,33,154,199,49,4,0,4,4,6.1,0,64,3,0,0,38,0,0,85,0.07,0,0,2.1,38,47,52,0,138,"1 cup, with pits yields",154,"1 cup, without pits",8,900,Fruits and Fruit Juices,9070,900,"Cherries, sweet, raw","CHERRIES,SWEET,RAW",,,Y,Pits and stems,8,Prunus avium,6.25,"3,359,999,895","8,369,999,886","3,599,999,905",,,,
9077,"CRABAPPLES,RAW",Crabapples,Fruits,Fruits,Fruits,78.94,76,0.4,0.3,0.42,19.95,,,18,0.36,7,15,194,1,,67,115,,8,0.03,0.02,0.1,,,,,,,,0,40,2,0,,,,,,,,,,48,12,88,0,110,"1 cup, slices",,,8,900,Fruits and Fruit Juices,9077,900,"Crabapples, raw","CRABAPPLES,RAW",,,,Core and stems,8,Malus spp.,6.25,"3,359,999,895","8,369,999,886","3,599,999,905",,,,
9078,"CRANBERRIES,RAW",Cranberries,Fruits,Fruits,Fruits,87.32,46,0.46,0.13,0.12,11.97,3.6,4.27,8,0.23,6,11,80,2,0.09,56,267,0.1,14,12,0.02,101,295,57,1,0,1,1,5.5,0,63,3,0,0,38,0,0,91,1.32,0,0,5,8,18,55,0,110,"1 cup, chopped",100,"1 cup, whole",2,900,Fruits and Fruit Juices,9078,900,"Cranberries, raw","CRANBERRIES,RAW",,,Y,Stems and spoiled berries,2,Vaccinium macrocarpon,6.25,"3,359,999,895","8,369,999,886","3,599,999,905",,,,
9083,"CURRANTS,EUROPEAN BLACK,RAW",Currants,Fruits,Fruits,Fruits,81.96,63,1.4,0.41,0.86,15.38,,,55,1.54,24,59,322,2,0.27,86,256,,181,0.05,0.05,0.3,398,66,,,,,,0,230,12,0,,,,,,1,,,,34,58,179,0,112,1 cup,,,2,900,Fruits and Fruit Juices,9083,900,"Currants, european black, raw","CURRANTS,EUROPEAN BLACK,RAW",,,,Stems,2,Ribes nigrum,6.25,"3,359,999,895","8,369,999,886","3,599,999,905",,,,
9088,"ELDERBERRIES,RAW",Elderberries,Fruits,Fruits,Fruits,79.8,73,0.66,0.5,0.64,18.4,7,,38,1.6,5,39,280,6,0.11,61,,0.6,36,0.07,0.06,0.5,0.14,0.23,6,0,6,6,,0,600,30,0,,,,,,,,,,23,0.08,247,0,145,1 cup,,,0,900,Fruits and Fruit Juices,9088,900,"Elderberries, raw","ELDERBERRIES,RAW",,,,,0,Sambucus spp.,6.25,"3,359,999,895","8,369,999,886","3,599,999,905",,,,
9095,"FIGS,DRIED,STEWED",Figs,Fruits,Fruits,Fruits,69.8,107,1.42,0.4,0.8,27.57,4.2,23.35,70,0.88,29,29,294,4,0.24,124,0.22,0.2,4.4,11,0.11,0.64,127,133,1,0,1,1,6.8,0,4,0,0,0,3,0,0,14,0.15,0,0,6.7,62,68,149,0,259,1 cup,,,0,900,Fruits and Fruit Juices,9095,900,"Figs, dried, stewed","FIGS,DRIED,STEWED",,,Y,,0,,6.25,"3,359,999,895","8,369,999,886","3,599,999,905",,,,
9107,"GOOSEBERRIES,RAW",Gooseberries,Fruits,Fruits,Fruits,87.87,44,0.88,0.58,0.49,10.18,4.3,,25,0.31,10,27,198,1,0.12,0.07,144,0.6,27.7,0.04,0.03,0.3,286,0.08,6,0,6,6,,0,290,15,0,,,,,,0.37,,,,38,51,317,0,150,1 cup,,,0,900,Fruits and Fruit Juices,9107,900,"Gooseberries, raw","GOOSEBERRIES,RAW",,,,,0,Ribes spp.,6.25,"3,359,999,895","8,369,999,886","3,599,999,905",,,,
9110,"GOJI BERRIES,DRIED",Goji,Fruits,Fruits,Fruits,7.5,349,14.26,0.39,0.78,77.06,13,45.61,190,6.8,,,,298,,,,,48.4,,,,,,,,,,,,26822,,,,,,,,,,,,0,,,0,28,5 tbsp,,,,900,Fruits and Fruit Juices,9110,900,"Goji berries, dried","GOJI BERRIES,DRIED",wolfberries,,,,,Lycium barbarum L.,,,,,,,,
9111,"GRAPEFRUIT,RAW,PINK&RED&WHITE,ALL AREAS",Grapefruit,Fruits,Fruits,Fruits,90.89,32,0.63,0.1,0.31,8.08,1.1,6.98,12,0.09,8,8,139,0,0.07,47,12,0.3,34.4,36,0.02,0.25,283,42,10,0,10,10,7.7,0,927,46,0,4,552,6,1135,6,0.13,0,0,0,14,13,24,0,230,"1 cup, sections with juice",166,".5 large,  (approx 4-1/2"" dia)",50,900,Fruits and Fruit Juices,9111,900,"Grapefruit, raw, pink and red and white, all areas","GRAPEFRUIT,RAW,PINK&RED&WHITE,ALL AREAS",,,Y,"Peel, seeds, core, and membrane",50,Citrus paradisi,6.25,"3,359,999,895","8,369,999,886","3,599,999,905",,,,
9130,"GRAPE JUC,CND OR BTLD,UNSWTND,W/ ADDED VIT C",Grape juice,Liquids,Fruit Juices,Liquid,84.51,60,0.37,0.13,0.22,14.77,0.2,14.2,11,0.25,10,14,104,5,0.07,18,239,0,25,17,15,133,48,32,0,0,0,0,3.2,0,8,0,0,0,5,0,0,57,0,0,0,0.4,25,3,22,0,253,1 cup,31.6,1 fl oz,0,900,Fruits and Fruit Juices,9130,900,"Grape juice, canned or bottled, unsweetened, with added ascorbic acid","GRAPE JUC,CND OR BTLD,UNSWTND,W/ ADDED VIT C",,,Y,,0,,6.25,"3,359,999,895","8,369,999,886","3,920,000,076",,,,
9131,"GRAPES,AMERICAN TYPE (SLIP SKN),RAW",Grapes,Fruits,Fruits,Fruits,81.3,67,0.63,0.35,0.57,17.15,0.9,16.25,14,0.29,5,10,191,2,0.04,0.04,718,0.1,4,92,57,0.3,24,0.11,4,0,4,4,5.6,0,100,5,0,1,59,0,0,72,0.19,0,0,14.6,114,14,102,0,92,1 cup,2.4,1 grape,42,900,Fruits and Fruit Juices,9131,900,"Grapes, american type (slip skin), raw","GRAPES,AMERICAN TYPE (SLIP SKN),RAW",,,Y,"6% seeds, 34% skin, 2% stems",42,Vitis spp.,6.25,"3,359,999,895","8,369,999,886","3,599,999,905",,,,
9138,"GROUNDCHERRIES,(CAPE-GOOSEBERRIES OR POHA),RAW",Groundcherries,Fruits,Fruits,Fruits,85.4,53,1.9,0.7,0.8,11.2,,,9,1,,40,,,,,,,11,0.11,0.04,2.8,,,,,,,,0,720,36,0,,,,,,,,,,,,,0,140,1 cup,,,6,900,Fruits and Fruit Juices,9138,900,"Groundcherries, (cape-gooseberries or poha), raw","GROUNDCHERRIES,(CAPE-GOOSEBERRIES OR POHA),RAW",,,,Husks,6,Physalis spp.,6.25,"3,359,999,895","8,369,999,886","3,599,999,905",,,,
9139,"GUAVAS,COMMON,RAW",Guavas,Fruits,Fruits,Fruits,80.8,68,2.55,0.95,1.39,14.32,5.4,8.92,18,0.26,22,40,417,2,0.23,0.23,0.15,0.6,228.3,67,0.04,1.084,451,0.11,49,0,49,49,7.6,0,624,31,0,0,374,0,5204,0,0.73,0,0,2.6,272,87,401,0,165,1 cup,55,"1 fruit, without refuse",22,900,Fruits and Fruit Juices,9139,900,"Guavas, common, raw","GUAVAS,COMMON,RAW",,,Y,Skin,22,Psidium guajava,6.25,"3,359,999,895","8,369,999,886","3,599,999,905",,,,
9144,"JACKFRUIT,RAW",Jackfruit,Fruits,Fruits,Fruits,73.46,95,1.72,0.64,0.94,23.25,1.5,19.08,24,0.23,29,21,448,2,0.13,76,43,,13.7,105,55,0.92,235,329,24,0,24,24,,0,110,5,0,6,61,5,0,157,0.34,,,,195,155,94,0,165,"1 cup, sliced",151,"1 cup, 1"" pieces",72,900,Fruits and Fruit Juices,9144,900,"Jackfruit, raw","JACKFRUIT,RAW",,,,Seeds and skin,72,Artocarpus heterophyllus,6.25,"3,359,999,895","8,369,999,886","3,599,999,905",,,,
9145,"JAVA-PLUM,(JAMBOLAN),RAW",Java-plum,Fruits,Fruits,Fruits,83.13,60,0.72,0.23,0.36,15.56,,,19,0.19,15,17,79,14,,,,,14.3,6,12,0.26,,38,,,,,,0,3,0,0,,,,,,,,,,,,,0,135,1 cup,9,3 fruit,19,900,Fruits and Fruit Juices,9145,900,"Java-plum, (jambolan), raw","JAVA-PLUM,(JAMBOLAN),RAW",,,,Seed,19,Syzygium cumini,6.25,"3,359,999,895","8,369,999,886","3,599,999,905",,,,
9146,"JUJUBE,RAW",Jujube,Fruits,Fruits,Fruits,77.86,79,1.2,0.2,0.51,20.23,,,21,0.48,10,23,250,3,0.05,73,84,,69,0.02,0.04,0.9,,81,,,,,,0,40,2,0,,,,,,,,,,,,,0,,,,,7,900,Fruits and Fruit Juices,9146,900,"Jujube, raw","JUJUBE,RAW",,,,Seeds,7,Ziziphus jujuba,6.25,"3,359,999,895","8,369,999,886","3,599,999,905",,,,
9148,"KIWIFRUIT,GRN,RAW",Kiwifruit,Fruits,Fruits,Fruits,83.07,61,1.14,0.52,0.61,14.66,3,8.99,34,0.31,17,34,312,3,0.14,0.13,98,0.2,92.7,27,25,341,183,63,25,0,25,25,7.8,0,87,4,0,0,52,0,0,122,1.46,0,0,40.3,29,47,287,0,180,"1 cup, sliced",69,"1 fruit,  (2"" dia)",24,900,Fruits and Fruit Juices,9148,900,"Kiwifruit, green, raw","KIWIFRUIT,GRN,RAW",Chinese gooseberry,,Y,Skin,24,Actinidia deliciosa,6.25,"3,359,999,895","8,369,999,886","3,599,999,905",,,,
9149,"KUMQUATS,RAW",Kumquats,Fruits,Fruits,Fruits,80.85,71,1.88,0.86,0.52,15.9,6.5,9.36,62,0.86,20,19,186,10,0.17,95,135,0,43.9,37,0.09,429,208,36,17,0,17,17,8.4,0,290,15,0,155,0,193,0,129,0.15,0,0,0,103,154,171,0,19,"1 fruit, without refuse",,,7,900,Fruits and Fruit Juices,9149,900,"Kumquats, raw","KUMQUATS,RAW",,,Y,Seeds,7,Fortunella spp.,6.25,"3,359,999,895","8,369,999,886","3,599,999,905",,,,
9150,"LEMONS,RAW,WITHOUT PEEL",Lemon,Fruits,Fruits,Fruits,88.98,29,1.1,0.3,0.3,9.32,2.8,2.5,26,0.6,8,16,138,2,0.06,37,0.03,0.4,53,0.04,0.02,0.1,0.19,0.08,11,0,11,11,5.1,0,22,1,0,1,3,20,0,11,0.15,0,0,0,39,11,89,0,212,"1 cup, sections",58,"1 fruit,  (2-1/8"" dia)",47,900,Fruits and Fruit Juices,9150,900,"Lemons, raw, without peel","LEMONS,RAW,WITHOUT PEEL",Includes USDA commodity food A415,,Y,"45% peel, 2% seeds",47,Citrus limon,6.25,"3,359,999,895","8,369,999,886","2,480,000,019",,,,
9152,"LEMON JUICE,RAW",Lemon juice,Liquids,Fruit Juices,Liquid,92.31,22,0.35,0.24,0.21,6.9,0.3,2.52,6,0.08,6,8,103,1,0.05,16,12,0.1,38.7,24,15,91,131,46,20,0,20,20,5.1,0,6,0,0,0,1,4,0,15,0.15,0,0,0,0.04,6,21,0,244,1 cup,30.5,1 fl oz,0,900,Fruits and Fruit Juices,9152,900,"Lemon juice, raw","LEMON JUICE,RAW",,,Y,,0,,6.25,"3,359,999,895","8,369,999,886","2,700,000,048",,,,
9159,"LIMES,RAW",Lime,Fruits,Fruits,Fruits,88.26,30,0.7,0.2,0.3,10.54,2.8,1.69,33,0.6,6,18,102,2,0.11,65,8,0.4,29.1,0.03,0.02,0.2,217,43,8,0,8,8,5.1,0,50,2,0,0,30,0,0,0,0.22,0,0,0.6,22,19,55,0,67,"1 fruit,  (2"" dia)",67,1 NLEA serving,16,900,Fruits and Fruit Juices,9159,900,"Limes, raw","LIMES,RAW",,,Y,Peel and seeds,16,Citrus latifolia,6.25,"3,359,999,895","8,369,999,886","2,480,000,019",,,,
9161,"LIME JUC,CND OR BTLD,UNSWTND",Lime juice,Liquids,Fruit Juices,Liquid,92.52,21,0.25,0.23,0.31,6.69,0.4,1.37,12,0.23,7,10,75,16,0.06,0.03,8,0.1,6.4,33,3,163,66,27,8,0,8,8,5.1,0,16,1,0,0,10,0,0,0,0.12,0,0,0.5,26,22,64,0,246,1 cup,30.8,1 fl oz,0,900,Fruits and Fruit Juices,9161,900,"Lime juice, canned or bottled, unsweetened","LIME JUC,CND OR BTLD,UNSWTND",,,Y,,0,,6.25,"3,359,999,895","8,369,999,886","2,700,000,048",,,,
9165,"LITCHIS,DRIED",Litchis,Fruits,Fruits,Fruits,22.3,277,3.8,1.2,2,70.7,4.6,66.1,33,1.7,42,181,1110,3,0.28,631,234,1.3,183,0.01,0.57,3.1,,0.09,12,0,12,12,12.7,0,0,0,0,0,0,0,0,0,0.31,0,0,1.6,0.27,328,361,0,2.5,1 fruit,,,46,900,Fruits and Fruit Juices,9165,900,"Litchis, dried","LITCHIS,DRIED",lychee,,Y,Shell and seeds,46,,6.25,"3,359,999,895","8,369,999,886","3,599,999,905",,,,
9167,"LOGANBERRIES,FROZEN",Loganberries,Fruits,Fruits,Fruits,84.61,55,1.52,0.31,0.54,13.02,5.3,7.7,26,0.64,21,26,145,1,0.34,117,1.247,0.2,15.3,0.05,34,0.84,244,65,26,0,26,26,8.5,0,35,2,0,0,21,0,0,118,0.87,0,0,7.8,11,0.03,176,0,147,"1 cup, unthawed",,,0,900,Fruits and Fruit Juices,9167,900,"Loganberries, frozen","LOGANBERRIES,FROZEN",,,Y,,0,Rubus ursinus var. loganobaccus,6.25,"3,359,999,895","8,369,999,886","3,599,999,905",,,,
9172,"LONGANS,RAW",Logans,Fruits,Fruits,Fruits,82.75,60,1.31,0.1,0.7,15.14,1.1,,1,0.13,10,21,266,0,0.05,169,52,,84,31,0.14,0.3,,,,,,,,0,,,,,,,,,,,,,,,,0,3.2,"1 fruit, without refuse",,,47,900,Fruits and Fruit Juices,9172,900,"Longans, raw","LONGANS,RAW",,,,Shell and seeds,47,Dimocarpus longan,6.25,"3,359,999,895","8,369,999,886","3,599,999,905",,,,
9176,"MANGOS,RAW",Mango,Fruits,Fruits,Fruits,83.46,60,0.82,0.38,0.36,14.98,1.6,13.66,11,0.16,10,14,168,1,0.09,111,63,0.6,36.4,28,38,669,197,119,43,0,43,43,7.6,0,1082,54,0,9,640,10,3,23,0.9,0,0,4.2,92,0.14,71,0,165,"1 cup, pieces",336,"1 fruit, without refuse",29,900,Fruits and Fruit Juices,9176,900,"Mangos, raw","MANGOS,RAW",,,Y,Seeds and skin,29,Mangifera indica,6.25,"3,359,999,895","8,369,999,886","3,599,999,905",,,,
9181,"MELONS,CANTALOUPE,RAW",Cantaloupe,Fruits,Fruits,Fruits,90.15,34,0.84,0.19,0.65,8.16,0.9,7.86,9,0.21,12,15,267,16,0.18,41,41,0.4,36.7,41,19,734,105,72,21,0,21,21,7.6,0,3382,169,0,16,2020,1,0,26,0.05,0,0,2.5,51,3,81,0,177,"1 cup, balls",160,"1 cup, cubes",49,900,Fruits and Fruit Juices,9181,900,"Melons, cantaloupe, raw","MELONS,CANTALOUPE,RAW",includes USDA commodity food A415,,Y,"9% cavity contents, 1% cutting loss, 39% rind",49,Cucumis melo,6.25,"3,359,999,895","8,369,999,886","3,599,999,905",,,,
9184,"MELONS,HONEYDEW,RAW",Honeydew melon,Fruits,Fruits,Fruits,89.82,36,0.54,0.14,0.41,9.09,0.8,8.12,6,0.17,10,11,228,18,0.09,24,27,0.7,18,38,12,418,155,88,19,0,19,19,7.6,0,50,3,0,0,30,0,0,27,0.02,0,0,2.9,38,3,59,0,170,"1 cup, diced (approx 20 pieces per cup)",177,"1 cup, balls",54,900,Fruits and Fruit Juices,9184,900,"Melons, honeydew, raw","MELONS,HONEYDEW,RAW",,,Y,"5% cavity contents, rind 49%",54,Cucumis melo,6.25,"3,359,999,895","8,369,999,886","3,599,999,905",,,,
9190,"MULBERRIES,RAW",Mulberries,Fruits,Fruits,Fruits,87.68,43,1.44,0.39,0.69,9.8,1.7,8.1,39,1.85,18,38,194,10,0.12,0.06,,0.6,36.4,29,101,0.62,,0.05,6,0,6,6,12.3,0,25,1,0,12,9,0,0,136,0.87,0,0,7.8,27,41,207,0,140,1 cup,15,10 fruit,0,900,Fruits and Fruit Juices,9190,900,"Mulberries, raw","MULBERRIES,RAW",,,Y,,0,Morus nigra,6.25,"3,359,999,895","8,369,999,886","3,599,999,905",,,,
9191,"NECTARINES,RAW",Nectarine,Fruits,Fruits,Fruits,87.59,44,1.06,0.32,0.48,10.55,1.7,7.89,6,0.28,9,26,201,0,0.17,86,54,0,5.4,34,27,1.125,185,25,5,0,5,5,6.2,0,332,17,0,0,150,98,0,130,0.77,0,0,2.2,25,88,113,0,143,"1 cup, slices",129,"1 small,  (2-1/3"" dia)",9,900,Fruits and Fruit Juices,9191,900,"Nectarines, raw","NECTARINES,RAW",,,Y,Pit,9,Prunus persica var. nucipersica,6.25,"3,359,999,895","8,369,999,886","3,599,999,905",,,,
9192,"OHELOBERRIES,RAW",Oheloberries,Fruits,Fruits,Fruits,92.3,28,0.38,0.22,0.26,6.84,,,7,0.09,6,10,38,1,,,,,6,17,36,0.27,,,,,,,,0,830,42,0,,,,,,,,,,,,,0,140,1 cup,11,10 fruit,0,900,Fruits and Fruit Juices,9192,900,"Oheloberries, raw","OHELOBERRIES,RAW",,,,,0,Vaccinium reticulatum,6.25,"3,359,999,895","8,369,999,886","3,599,999,905",,,,
9200,"ORANGES,RAW,ALL COMM VAR",Orange,Fruits,Fruits,Fruits,86.75,47,0.94,0.12,0.44,11.75,2.4,9.35,40,0.1,10,14,181,0,0.07,45,25,0.5,53.2,87,0.04,282,0.25,0.06,30,0,30,30,8.4,0,225,11,0,11,71,116,0,129,0.18,0,0,0,15,23,25,0,180,"1 cup, sections",184,"1 large,  (3-1/16"" dia)",27,900,Fruits and Fruit Juices,9200,900,"Oranges, raw, all commercial varieties","ORANGES,RAW,ALL COMM VAR",,,Y,Peel and seeds,27,Citrus sinensis,6.25,"3,359,999,895","8,369,999,886","3,599,999,905",,,,
9206,"ORANGE JUICE,RAW",Orange juice,Liquids,Fruit Juices,Liquid,88.3,45,0.7,0.2,0.4,10.4,0.2,8.4,11,0.2,11,17,200,1,0.05,44,14,0.1,50,0.09,0.03,0.4,0.19,0.04,30,0,30,30,6.2,0,200,10,0,6,33,169,0,115,0.04,0,0,0.1,24,36,0.04,0,248,1 cup,31,1 fl oz,0,900,Fruits and Fruit Juices,9206,900,"Orange juice, raw","ORANGE JUICE,RAW",,,Y,,0,,6.25,"3,359,999,895","8,369,999,886","3,920,000,076",,,,
9218,"TANGERINES,(MANDARIN ORANGES),RAW",Tangerine,Fruits,Fruits,Fruits,85.17,53,0.81,0.31,0.38,13.34,1.8,10.58,37,0.15,12,20,166,2,0.07,42,39,0.1,26.7,58,36,376,216,78,16,0,16,16,10.2,0,681,34,0,101,155,407,0,138,0.2,0,0,0,39,0.06,65,0,195,"1 cup, sections",76,"1 small,  (2-1/4"" dia)",26,900,Fruits and Fruit Juices,9218,900,"Tangerines, (mandarin oranges), raw","TANGERINES,(MANDARIN ORANGES),RAW",,,Y,Peel and seeds,26,Citrus reticulata,6.25,"3,359,999,895","8,369,999,886","3,599,999,905",,,,
9221,"TANGERINE JUICE,RAW",Tangerine juice,Liquids,Fruit Juices,Liquid,88.9,43,0.5,0.2,0.3,10.1,0.2,9.9,18,0.2,8,14,178,1,0.03,25,37,0.1,31,0.06,0.02,0.1,125,42,5,0,5,5,6.2,0,253,13,0,14,38,214,0,166,0.13,0,0,0,24,36,0.04,0,247,1 cup,30.9,1 fl oz,0,900,Fruits and Fruit Juices,9221,900,"Tangerine juice, raw","TANGERINE JUICE,RAW",,,Y,,0,,6.25,"3,359,999,895","8,369,999,886","3,920,000,076",,,,
9226,"PAPAYAS,RAW",Papaya,Fruits,Fruits,Fruits,88.06,43,0.47,0.26,0.39,10.82,1.7,7.82,20,0.25,21,10,182,8,0.08,45,0.04,0.6,60.9,23,27,357,191,38,37,0,37,37,6.1,0,950,47,0,2,274,589,1828,89,0.3,0,0,2.6,81,72,58,0,145,"1 cup, 1"" pieces",230,"1 cup, mashed",38,900,Fruits and Fruit Juices,9226,900,"Papayas, raw","PAPAYAS,RAW",,,Y,Seeds and skin,38,Carica papaya,6.25,"3,359,999,895","8,369,999,886","3,599,999,905",,,,
9231,"PASSION-FRUIT,(GRANADILLA),PURPLE,RAW",Passion-fruit,Fruits,Fruits,Fruits,72.93,97,2.2,0.7,0.8,23.38,10.4,11.2,12,1.6,29,68,348,28,0.1,86,,0.6,30,0,0.13,1.5,,0.1,14,0,14,14,7.6,0,1272,64,0,0,743,41,0,0,0.02,0,0,0.7,59,86,411,0,236,1 cup,18,"1 fruit, without refuse",48,900,Fruits and Fruit Juices,9231,900,"Passion-fruit, (granadilla), purple, raw","PASSION-FRUIT,(GRANADILLA),PURPLE,RAW",,,Y,Shell,48,Passiflora edulis,6.25,"3,359,999,895","8,369,999,886","3,599,999,905",,,,
9232,"PASSION-FRUIT JUC,PURPLE,RAW",Passion-fruit juice,Liquids,Fruit Juices,Liquid,85.62,51,0.39,0.05,0.34,13.6,0.2,13.4,4,0.24,17,13,278,6,0.05,53,,0.1,29.8,0,131,1.46,,0.05,7,0,7,7,4,0,717,36,0,0,419,23,0,0,0.01,0,0,0.4,4,6,29,0,247,1 cup,30.9,1 fl oz,0,900,Fruits and Fruit Juices,9232,900,"Passion-fruit juice, purple, raw","PASSION-FRUIT JUC,PURPLE,RAW",,,Y,,0,,6.25,"3,359,999,895","8,369,999,886","3,599,999,905",,,,
9236,"PEACHES,YEL,RAW",Peach,Fruits,Fruits,Fruits,88.87,39,0.91,0.25,0.43,9.54,1.5,8.39,6,0.25,9,20,190,0,0.17,68,61,0.1,6.6,24,31,806,153,25,4,0,4,4,6.1,0,326,16,0,0,162,67,0,91,0.73,0,0,2.6,19,67,86,0,154,"1 cup, slices",130,"1 small,  (2-1/2"" dia)",4,900,Fruits and Fruit Juices,9236,900,"Peaches, yellow, raw","PEACHES,YEL,RAW",,,Y,Pit,4,Prunus persica,6.25,"3,359,999,895","8,369,999,886","3,599,999,905",,,,
9252,"PEARS,RAW",Pear,Fruits,Fruits,Fruits,83.96,57,0.36,0.14,0.32,15.23,3.1,9.75,9,0.18,7,12,116,1,0.1,82,48,0.1,4.3,12,26,161,49,29,7,0,7,7,5.1,0,25,1,0,1,14,2,0,44,0.12,0,0,4.4,22,84,94,0,140,"1 cup, slices",161,"1 cup, cubes",10,900,Fruits and Fruit Juices,9252,900,"Pears, raw","PEARS,RAW",Includes USDA commodity food A435,,Y,"Stem, core and seeds",10,Pyrus communis,6.25,"3,359,999,895","8,369,999,886","3,599,999,905",,,,
9265,"PERSIMMONS,NATIVE,RAW",Persimmons,Fruits,Fruits,Fruits,64.4,127,0.8,0.4,0.9,33.5,,,27,2.5,,26,310,1,,,,,66,,,,,,,,,,,0,,,,,,,,,,,,,,,,0,25,"1 fruit, without refuse",,,18,900,Fruits and Fruit Juices,9265,900,"Persimmons, native, raw","PERSIMMONS,NATIVE,RAW",,,,"2% calyx, 16% seeds",18,Diospyros virginiana,6.25,"3,359,999,895","8,369,999,886","3,599,999,905",,,,
9266,"PINEAPPLE,RAW,ALL VAR",Pineapple,Fruits,Fruits,Fruits,86,50,0.54,0.12,0.22,13.12,1.4,9.85,13,0.29,12,8,109,1,0.12,0.11,927,0.1,47.8,79,32,0.5,213,112,18,0,18,18,5.5,0,58,3,0,0,35,0,0,0,0.02,0,0,0.7,9,13,0.04,0,165,"1 cup, chunks",905,1 fruit,49,900,Fruits and Fruit Juices,9266,900,"Pineapple, raw, all varieties","PINEAPPLE,RAW,ALL VAR",,,Y,"8% core, 16% crown, 26% parings",49,Ananas comosus,6.25,"3,359,999,895","8,369,999,886","3,599,999,905",,,,
9273,"PINEAPPLE JUC,CND OR BTLD,UNSWTND,WO/ ADDED VIT C",Pineapple juice,Liquids,Fruit Juices,Liquid,86.37,53,0.36,0.12,0.28,12.87,0.2,9.98,13,0.31,12,8,130,2,0.11,69,504,0.1,10,58,21,199,56,0.1,18,0,18,18,3.3,0,5,0,0,0,3,0,0,0,0.02,0,0,0.3,8,14,42,0,250,1 cup,31.3,1 fl oz,0,900,Fruits and Fruit Juices,9273,900,"Pineapple juice, canned or bottled, unsweetened, without added ascorbic acid","PINEAPPLE JUC,CND OR BTLD,UNSWTND,WO/ ADDED VIT C",,,Y,,0,,6.25,"3,359,999,895","8,369,999,886","3,920,000,076",,,,
9276,"PITANGA,(SURINAM-CHERRY),RAW",Pitanga,Fruits,Fruits,Fruits,90.81,33,0.8,0.4,0.5,7.49,,,9,0.2,12,11,103,3,,,,,26.3,0.03,0.04,0.3,,,,,,,,0,1500,75,0,,,,,,,,,,,,,0,173,1 cup,7,"1 fruit, without refuse",12,900,Fruits and Fruit Juices,9276,900,"Pitanga, (surinam-cherry), raw","PITANGA,(SURINAM-CHERRY),RAW",,,,"Seed, stem, and blossom end",12,Eugenia uniflora,6.25,"3,359,999,895","8,369,999,886","3,599,999,905",,,,
9277,"PLANTAINS,RAW",Plantains,Fruits,Fruits,Fruits,65.28,122,1.3,0.37,1.17,31.89,2.3,15,3,0.6,37,34,499,4,0.14,81,,1.5,18.4,52,54,686,0.26,299,22,0,22,22,13.5,0,1127,56,0,438,457,0,0,30,0.14,0,0,0.7,143,32,69,0,148,"1 cup, sliced",179,1 medium,35,900,Fruits and Fruit Juices,9277,900,"Plantains, raw","PLANTAINS,RAW",,,Y,Skin and stems,35,Musa X paradisiaca,6.25,"3,359,999,895","8,369,999,886","3,599,999,905",,,,
9279,"PLUMS,RAW",Plums,Fruits,Fruits,Fruits,87.23,46,0.7,0.28,0.37,11.42,1.4,9.92,6,0.17,7,16,157,0,0.1,57,52,0,9.5,28,26,417,135,29,5,0,5,5,1.9,0,345,17,0,0,190,35,0,73,0.26,0,0,6.4,17,134,44,0,165,"1 cup, sliced",66,"1 fruit,  (2-1/8"" dia)",6,900,Fruits and Fruit Juices,9279,900,"Plums, raw","PLUMS,RAW",,,Y,Pits,6,Prunus spp.,6.25,"3,359,999,895","8,369,999,886","3,599,999,905",,,,
9286,"POMEGRANATES,RAW",Pomegranates,Fruits,Fruits,Fruits,77.93,83,1.67,1.17,0.53,18.7,4,13.67,10,0.3,12,36,236,3,0.35,158,119,0.5,10.2,67,53,293,377,75,38,0,38,38,7.6,0,0,0,0,0,0,0,0,0,0.6,0,0,16.4,0.12,93,79,0,87,".5 cup, arils (seed/juice sacs)",282,"1 pomegranate,  (4"" dia)",44,900,Fruits and Fruit Juices,9286,900,"Pomegranates, raw","POMEGRANATES,RAW",,,Y,Skin and membrane,44,Punica granatum,6.25,"3,359,999,895","8,369,999,886","3,599,999,905",,,,
9289,"PRUNES,DEHYD (LOW-MOISTURE),UNCKD",Prune,Fruits,Fruits,Fruits,4,339,3.7,0.73,2.5,89.07,,,72,3.52,64,112,1058,5,0.75,611,312,,0,118,165,2.995,418,745,2,0,2,2,,0,1762,88,0,,,,,,,0,0,,59,483,159,0,132,1 cup,,,0,900,Fruits and Fruit Juices,9289,900,"Prunes, dehydrated (low-moisture), uncooked","PRUNES,DEHYD (LOW-MOISTURE),UNCKD",,,,,0,,6.25,"3,359,999,895","8,369,999,886","3,599,999,905",,,,
9294,"PRUNE JUICE,CANNED",Prune juice,Liquids,Fruit Juices,Liquid,81.24,71,0.61,0.03,0.68,17.45,1,16.45,12,1.18,14,25,276,4,0.21,68,151,0.6,4.1,16,0.07,785,107,218,0,0,0,0,2.7,0,3,0,0,0,2,0,0,40,0.12,0,0,3.4,3,21,7,0,256,1 cup,32,1 fl oz,0,900,Fruits and Fruit Juices,9294,900,"Prune juice, canned","PRUNE JUICE,CANNED",,,Y,,0,,6.25,"3,359,999,895","8,369,999,886","3,920,000,076",,,,
9296,"QUINCES,RAW",Qunces,Fruits,Fruits,Fruits,83.8,57,0.4,0.1,0.4,15.3,1.9,,11,0.7,8,17,197,4,0.04,0.13,,0.6,15,0.02,0.03,0.2,81,0.04,3,0,3,3,,0,40,2,0,,,,,,,,,,0.01,36,0.05,0,92,"1 fruit, without refuse",,,39,900,Fruits and Fruit Juices,9296,900,"Quinces, raw","QUINCES,RAW",,,,"Core, seeds, and parings",39,Cydonia oblonga,6.25,"3,359,999,895","8,369,999,886","3,599,999,905",,,,
9302,"RASPBERRIES,RAW",Raspberries,Fruits,Fruits,Fruits,85.75,52,1.2,0.65,0.46,11.94,6.5,4.42,25,0.69,22,29,151,1,0.42,0.09,0.67,0.2,26.2,32,38,598,329,55,21,0,21,21,12.3,0,33,2,0,16,12,0,0,136,0.87,0,0,7.8,19,64,375,0,123,1 cup,312,"1 pint,  as purchased, yields",4,900,Fruits and Fruit Juices,9302,900,"Raspberries, raw","RASPBERRIES,RAW",,,Y,"Caps, stems, and spoiled berries",4,Rubus spp.,6.25,"3,359,999,895","8,369,999,886","3,599,999,905",,,,
9307,"RHUBARB,RAW",Rhubarb,Fruits,Fruits,Fruits,93.61,21,0.9,0.2,0.76,4.54,1.8,1.1,86,0.22,12,14,288,4,0.1,21,196,1.1,8,0.02,0.03,0.3,85,24,7,0,7,7,6.1,0,102,5,0,0,61,0,0,170,0.27,0,0,29.3,53,39,99,0,122,"1 cup, diced",51,1 stalk,25,900,Fruits and Fruit Juices,9307,900,"Rhubarb, raw","RHUBARB,RAW",,,Y,"19% ends, 6% leaves",25,Rheum rhabarbarum,6.25,"3,359,999,895","8,369,999,886","3,599,999,905",,,,
9316,"STRAWBERRIES,RAW",Strawberries,Fruits,Fruits,Fruits,90.95,32,0.67,0.3,0.4,7.68,2,4.89,16,0.41,13,24,153,1,0.14,48,386,0.4,58.8,24,22,386,125,47,24,0,24,24,5.7,0,12,1,0,0,7,0,0,26,0.29,0,0,2.2,15,43,155,0,152,"1 cup,  halves",232,"1 cup, pureed",6,900,Fruits and Fruit Juices,9316,900,"Strawberries, raw","STRAWBERRIES,RAW",,,Y,Caps and stems,6,Fragaria X ananassa,6.25,"3,359,999,895","8,369,999,886","3,599,999,905",,,,
9322,"TAMARINDS,RAW",Tamarinds,Fruits,Fruits,Fruits,31.4,239,2.8,0.6,2.7,62.5,5.1,38.8,74,2.8,92,113,628,28,0.1,86,,1.3,3.5,428,152,1.938,143,66,14,0,14,14,8.6,0,30,2,0,0,18,0,0,0,0.1,0,0,2.8,272,181,59,0,120,"1 cup,  pulp",2,"1 fruit,  (3"" x 1"")",66,900,Fruits and Fruit Juices,9322,900,"Tamarinds, raw","TAMARINDS,RAW",,,Y,Pods and seeds,66,Tamarindus indica,6.25,"3,359,999,895","8,369,999,886","3,599,999,905",,,,
9326,"WATERMELON,RAW",Watermelon,Fruits,Fruits,Fruits,91.45,30,0.61,0.15,0.25,7.55,0.4,6.2,7,0.24,10,11,112,1,0.1,42,38,0.4,8.1,33,21,178,221,45,3,0,3,3,4.1,0,569,28,0,0,303,78,4532,8,0.05,0,0,0.1,16,37,0.05,0,154,"1 cup, balls",152,"1 cup, diced",48,900,Fruits and Fruit Juices,9326,900,"Watermelon, raw","WATERMELON,RAW",,,Y,"Rind, seeds, and cutting loss",48,Citrullus lanatus,6.25,"3,359,999,895","8,369,999,886","3,599,999,905",,,,
9357,"APRICOTS,CND,HVY SYRUP,DRND",Apricots,Fruits,Fruits,Fruits,77.56,83,0.64,0.11,0.38,21.31,2.7,18.65,10,0.3,7,13,143,4,0.11,97,,0.1,3.1,21,24,376,,55,2,0,2,2,2.8,0,2924,146,0,0,1746,16,0,39,0.89,0,0,3.3,7,45,21,0,219,"1 cup,  halves",182,"1 cup, whole",0,900,Fruits and Fruit Juices,9357,900,"Apricots, canned, heavy syrup, drained","APRICOTS,CND,HVY SYRUP,DRND",,,Y,,0,,,"3,359,999,895","8,369,999,886",3.75,,,,
9404,"GRAPEFRUIT JUICE,PINK,RAW",Grapefruit juice,Liquids,Fruit Juices,Liquid,90,39,0.5,0.1,0.2,9.2,,,9,0.2,12,15,162,1,0.05,33,0.02,,38,0.04,0.02,0.2,189,44,10,0,10,10,,0,440,22,0,,,,,,,0,0,,14,13,24,0,247,1 cup,196,"1 fruit,  yields",0,900,Fruits and Fruit Juices,9404,900,"Grapefruit juice, pink, raw","GRAPEFRUIT JUICE,PINK,RAW",,,,,0,,6.25,"3,359,999,895","8,369,999,886","3,920,000,076",,,,
9420,"JACKFRUIT,CND,SYRUP PK",Jackfruit,Fruits,Fruits,Fruits,75.28,92,0.36,0.14,0.28,23.94,0.9,,44,0.29,10,6,96,11,0.11,0.05,78,,0.5,33,36,677,72,44,14,0,14,14,,0,2,0,0,,,,,,,,,,,,,0,178,"1 cup,  drained",,,0,900,Fruits and Fruit Juices,9420,900,"Jackfruit, canned, syrup pack","JACKFRUIT,CND,SYRUP PK",,,,,0,Artocarpus heterophyllus,6.25,"3,359,999,895","8,369,999,886",3.75,,,,
9422,"DURIAN,RAW OR FROZEN",Durian,Fruits,Fruits,Fruits,64.99,147,1.47,5.33,1.12,27.09,3.8,,6,0.43,30,39,436,2,0.28,207,325,,19.7,374,0.2,1.074,0.23,316,36,,36,,,0,44,2,0,6,23,0,,,,,,,,,,0,243,"1 cup, chopped or diced",602,1 fruit,68,900,Fruits and Fruit Juices,9422,900,"Durian, raw or frozen","DURIAN,RAW OR FROZEN",,,,Shell and seeds (for raw fruit),68,Durio zibethinus,6.25,"3,359,999,895","8,369,999,886","3,599,999,905",,,,
9427,"ABIYUCH,RAW",Abiyuch,Fruits,Fruits,Fruits,79.9,69,1.5,0.1,0.9,17.6,5.3,8.55,8,1.61,24,47,304,20,0.31,57,182,,54.1,,,,,,,,,,,,100,5,0,0,60,,,,,,,,14,,,,114,.5 cup,,,,900,Fruits and Fruit Juices,9427,900,"Abiyuch, raw","ABIYUCH,RAW",garlic pear,,,,,Crateva religiosa,6.25,"3,359,999,895","8,369,999,886","3,599,999,905",,,,
9433,"CLEMENTINES,RAW",Clementine,Fruits,Fruits,Fruits,86.58,47,0.85,0.15,0.4,12.02,1.7,9.18,30,0.14,10,21,177,1,0.06,43,23,0.1,48.8,86,0.03,636,151,75,24,0,24,24,14,,,,,,,,,,0.2,0,0,0,,,,,74,1 fruit,,,23,900,Fruits and Fruit Juices,9433,900,"Clementines, raw","CLEMENTINES,RAW",,,,Peel and seeds,23,Citrus clementina hort. ex Tanaka,,"3,359,999,895","8,369,999,886","3,599,999,905",,,,
9442,"POMEGRANATE JUC,BTLD",Pomegranate juice,Liquids,Fruit Juices,Liquid,85.95,54,0.15,0.29,0.49,13.13,0.1,12.65,11,0.1,7,11,214,9,0.09,21,95,0.3,0.1,15,15,233,285,0.04,24,0,24,24,4.8,0,0,0,0,0,0,0,0,0,0.38,0,0,10.4,77,59,0.05,0,249,1 cup,31.4,1 fl oz,0,900,Fruits and Fruit Juices,9442,900,"Pomegranate juice, bottled","POMEGRANATE JUC,BTLD",,,Y,,0,,6.25,"3,359,999,895","8,369,999,886","3,920,000,076",,,,
9506,"ORANGE JUC,CHILLED,INCL FROM CONC,W/ ADD CA & VITAMINS A,D,E",Orange juice,Liquids,Fruit Juices,Liquid,87.22,49,0.68,0.12,0.43,11.54,0.3,8.31,146,0.13,11,17,178,2,0.07,42,23,0.1,33.6,46,39,0.28,195,76,19,0,19,19,6.2,0,417,114,112,8,8,27,0,27,1.13,1,42,0,14,22,0.03,0,249,1 cup,31.1,1 fl oz,0,900,Fruits and Fruit Juices,9506,900,"Orange juice, chilled, includes from concentrate, with added calcium and vitamins A, D, E","ORANGE JUC,CHILLED,INCL FROM CONC,W/ ADD CA & VITAMINS A,D,E",,,,,0,,6.25,"3,359,999,895","8,369,999,886","3,920,000,076",,,,
9519,"GUAVA NECTAR,W/ SUCRALOSE,CND",Guava nectar juice,Liquids,Fruit Juices,Liquid,86.23,48,0.3,0.07,0.09,13.3,1.2,10.15,8,0.54,2,3,33,6,0.02,25,58,0.1,21.3,5,5,0.17,,9,4,0,4,4,1.1,0,49,2,0,0,29,0,35,0,0.06,0,0,1,23,0.02,17,0,335,11.3 fl oz,,,0,900,Fruits and Fruit Juices,9519,900,"Guava nectar, with sucralose, canned","GUAVA NECTAR,W/ SUCRALOSE,CND",,,Y,,0,,,,,,,,,
9520,"KIWIFRUIT,ZESPRI SUNGOLD,RAW",Kiwi,Fruits,Fruits,Fruits,82.44,63,1.02,0.28,0.47,15.79,1.4,12.3,17,0.21,12,25,315,3,0.08,151,48,0.4,161.3,0,74,231,0.12,79,31,0,31,31,1.9,0.08,23,1,0,0,14,,0,24,1.4,0,0,6.1,65,23,111,0,81,1 fruit,,,28,900,Fruits and Fruit Juices,9520,900,"Kiwifruit, ZESPRI SunGold, raw","KIWIFRUIT,ZESPRI SUNGOLD,RAW",Gold3,,,Skin,28,Actinidia chinensis ?esy002? (Gold3),,"3,359,999,895","8,369,999,886","3,599,999,905",,,,
11001,"ALFALFA SEEDS,SPROUTED,RAW",Alfalfa,Nut and Seed Products,Seeds,Nuts and Seeds,92.82,23,3.99,0.69,0.4,2.1,1.9,0.2,32,0.96,27,70,79,6,0.92,157,188,0.6,8.2,76,126,481,563,34,36,0,36,36,14.4,0,155,8,0,6,87,6,0,0,0.02,0,0,30.5,69,56,409,0,33,1 cup,3,1 tbsp,0,1100,Vegetables and Vegetable Products,11001,1100,"Alfalfa seeds, sprouted, raw","ALFALFA SEEDS,SPROUTED,RAW",,,Y,,0,Medicago sativa,6.25,"2,440,000,057","8,369,999,886","3,569,999,933",,,,
11003,"AMARANTH LEAVES,RAW",Amaranth leaves,Vegetables and Vegetable Products,Spices and Herbs,Spices and Herbs,91.69,23,2.46,0.33,1.5,4.02,,,215,2.32,55,50,611,20,0.9,162,885,0.9,43.3,27,158,658,64,192,85,0,85,85,,0,2917,146,0,,,,,,,0,0,1140,91,76,147,0,28,1 cup,14,1 leaf,6,1100,Vegetables and Vegetable Products,11003,1100,"Amaranth leaves, raw","AMARANTH LEAVES,RAW",,,,Tough stems,6,Amaranthus spp.,6.25,"2,440,000,057","8,369,999,886","3,569,999,933",,,,
11007,"ARTICHOKES,(GLOBE OR FRENCH),RAW",Artichokes,Vegetables and Vegetable Products,Vedgebles,Vegetables,84.94,47,3.27,0.15,1.13,10.51,5.4,0.99,44,1.28,60,90,370,94,0.49,231,256,0.2,11.7,72,66,1.046,338,116,68,0,68,68,34.4,0,13,1,0,0,8,0,0,464,0.19,0,0,14.8,36,5,64,0,128,"1 artichoke,  medium",162,"1 artichoke,  large",60,1100,Vegetables and Vegetable Products,11007,1100,"Artichokes, (globe or french), raw","ARTICHOKES,(GLOBE OR FRENCH),RAW",,,,Stem and inedible parts of bracts and flowers,60,Cynara scolymus,6.25,"2,440,000,057","8,369,999,886","3,569,999,933",,,,
11011,"ASPARAGUS,RAW",Asparagus,Vegetables and Vegetable Products,Vedgebles,Vegetables,93.22,20,2.2,0.12,0.58,3.88,2.1,1.88,24,2.14,14,52,202,2,0.54,189,158,2.3,5.6,143,141,978,274,91,52,0,52,52,16,0,756,38,0,9,449,0,0,710,1.13,0,0,41.6,0.04,0,0.05,0,134,1 cup,12,"1 spear,  small (5"" long or less)",47,1100,Vegetables and Vegetable Products,11011,1100,"Asparagus, raw","ASPARAGUS,RAW",,,Y,Butt ends,47,Asparagus officinalis,6.25,"2,440,000,057","8,369,999,886","3,569,999,933",,,,
11080,"BEETS,RAW",Beets,Vegetables and Vegetable Products,Vedgebles,Vegetables,87.58,43,1.61,0.17,1.08,9.56,2.8,6.76,16,0.8,23,40,325,78,0.35,75,329,0.7,4.9,31,0.04,334,155,67,109,0,109,109,6,0,33,2,0,0,20,0,0,0,0.04,0,0,0.2,27,32,0.06,0,136,1 cup,82,"1 beet,  (2"" dia)",33,1100,Vegetables and Vegetable Products,11080,1100,"Beets, raw","BEETS,RAW",,,Y,Parings and part tops,33,Beta vulgaris,6.25,"2,779,999,971","8,369,999,886","3,839,999,914",,,,
11090,"BROCCOLI,RAW",Broccoli,Vegetables and Vegetable Products,Vedgebles,Vegetables,89.3,34,2.82,0.37,0.87,6.64,2.6,1.7,47,0.73,21,66,316,33,0.41,49,0.21,2.5,89.2,71,117,639,573,175,63,0,63,63,18.7,0,623,31,0,25,361,1,0,1403,0.78,0,0,101.6,39,11,38,0,91,"1 cup, chopped",608,1 bunch,39,1100,Vegetables and Vegetable Products,11090,1100,"Broccoli, raw","BROCCOLI,RAW",,,Y,Leaves and tough stalks with trimmings,39,Brassica oleracea var. italica,,"2,440,000,057","8,369,999,886","3,569,999,933",,,,
11098,"BRUSSELS SPROUTS,RAW",Brussel sprouts,Vegetables and Vegetable Products,Vedgebles,Vegetables,86,43,3.38,0.3,1.37,8.95,3.8,2.2,42,1.4,23,69,389,25,0.42,0.07,337,1.6,85,139,0.09,745,309,219,61,0,61,61,19.1,0,754,38,0,6,450,0,0,1590,0.88,0,0,177,62,23,153,0,88,1 cup,19,1 sprout,10,1100,Vegetables and Vegetable Products,11098,1100,"Brussels sprouts, raw","BRUSSELS SPROUTS,RAW",,,Y,Outer leaves,10,Brassica oleracea (Gemmifera Group),6.25,"2,440,000,057","8,369,999,886","3,569,999,933",,,,
11109,"CABBAGE,RAW",Cabbage,Vegetables and Vegetable Products,Vedgebles,Vegetables,92.18,25,1.28,0.1,0.64,5.8,2.5,3.2,40,0.47,12,26,170,18,0.18,19,0.16,0.3,36.6,61,0.04,234,212,124,43,0,43,43,10.7,0,98,5,0,33,42,0,0,30,0.15,0,0,76,34,17,17,0,89,"1 cup, chopped",70,"1 cup, shredded",20,1100,Vegetables and Vegetable Products,11109,1100,"Cabbage, raw","CABBAGE,RAW",,,Y,Outer leaves and core,20,Brassica oleracea (Capitata Group),6.25,"2,440,000,057","8,369,999,886","3,569,999,933",,,,
11124,"CARROTS,RAW",Carrot,Vegetables and Vegetable Products,Vedgebles,Vegetables,88.29,41,0.93,0.24,0.97,9.58,2.8,4.74,33,0.3,12,35,320,69,0.24,45,143,0.1,5.9,66,58,983,273,138,19,0,19,19,8.8,0,16706,835,0,3477,8285,0,1,256,0.66,0,0,13.2,37,14,117,0,128,"1 cup, chopped",110,"1 cup, grated",11,1100,Vegetables and Vegetable Products,11124,1100,"Carrots, raw","CARROTS,RAW",Includes USDA commodity food A099,,Y,"Crown, tops and scrapings",11,Daucus carota,6.25,"2,779,999,971","8,369,999,886","3,839,999,914",,,,
11135,"CAULIFLOWER,RAW",Cauliflower,Vegetables and Vegetable Products,Vedgebles,Vegetables,92.07,25,1.92,0.28,0.76,4.97,2,1.91,22,0.42,15,44,299,30,0.27,39,155,0.6,48.2,0.05,0.06,507,667,184,57,0,57,57,44.3,0,0,0,0,0,0,0,0,1,0.08,0,0,15.5,0.13,34,31,0,107,"1 cup, chopped (1/2"" pieces)",13,1 floweret,61,1100,Vegetables and Vegetable Products,11135,1100,"Cauliflower, raw","CAULIFLOWER,RAW",,,Y,"Leaf stalks, cores and trimmings",61,Brassica oleracea (Botrytis Group),6.25,"2,440,000,057","8,369,999,886","3,569,999,933",,,,
11147,"CHARD,SWISS,RAW",Chard,Vegetables and Vegetable Products,Vedgebles,Vegetables,92.66,19,1.8,0.2,1.6,3.74,1.6,1.1,51,1.8,81,46,379,213,0.36,179,366,0.9,30,0.04,0.09,0.4,172,99,14,0,14,14,18,0,6116,306,0,45,3647,0,0,11000,1.89,0,0,830,0.03,0.04,0.07,0,36,1 cup,48,1 leaf,8,1100,Vegetables and Vegetable Products,11147,1100,"Chard, swiss, raw","CHARD,SWISS,RAW",,,Y,Tough stems and damaged leaves,8,Beta vulgaris subsp. vulagaris,6.25,"2,440,000,057","8,369,999,886","3,569,999,933",,,,
11152,"CHICORY GREENS,RAW",Chicory,Vegetables and Vegetable Products,Spices and Herbs,Spices and Herbs,92,23,1.7,0.3,1.3,4.7,4,0.7,100,0.9,30,47,420,45,0.42,295,429,0.3,24,0.06,0.1,0.5,1.159,105,110,0,110,110,12.8,0,5717,286,0,0,3430,0,0,10300,2.26,0,0,297.6,73,6,131,0,29,"1 cup, chopped",,,18,1100,Vegetables and Vegetable Products,11152,1100,"Chicory greens, raw","CHICORY GREENS,RAW",,,Y,Tough stems and damaged leaves,18,Cichorium intybus,6.25,"2,440,000,057","8,369,999,886","3,569,999,933",,,,
11205,"CUCUMBER,WITH PEEL,RAW",Cucumber,Vegetables and Vegetable Products,Vedgebles,Vegetables,95.23,15,0.65,0.11,0.38,3.63,0.5,1.67,16,0.28,13,24,147,2,0.2,41,79,0.3,2.8,27,33,98,259,0.04,7,0,7,7,6,0,105,5,0,11,45,26,0,23,0.03,0,0,16.4,37,5,32,0,52,".5 cup, slices",301,"1 cucumber,  (8-1/4"")",3,1100,Vegetables and Vegetable Products,11205,1100,"Cucumber, with peel, raw","CUCUMBER,WITH PEEL,RAW",,,Y,Ends,3,Cucumis sativus,6.25,"2,440,000,057","8,369,999,886","3,569,999,933",,,,
11213,"ENDIVE,RAW",Endive,Vegetables and Vegetable Products,Spices and Herbs,Spices and Herbs,93.79,17,1.25,0.2,1.41,3.35,3.1,0.25,52,0.83,15,28,314,22,0.79,99,0.42,0.2,6.5,0.08,75,0.4,0.9,0.02,142,0,142,142,16.8,0,2167,108,0,0,1300,0,0,0,0.44,0,0,231,48,4,87,0,25,".5 cup, chopped",513,1 head,14,1100,Vegetables and Vegetable Products,11213,1100,"Endive, raw","ENDIVE,RAW",,,Y,Outer leaves and core,14,Cichorium endivia,6.25,"2,440,000,057","8,369,999,886","3,569,999,933",,,,
11233,"KALE,RAW",Kale,Vegetables and Vegetable Products,Vedgebles,Vegetables,84.04,49,4.28,0.93,2.01,8.75,3.6,2.26,150,1.47,47,92,491,38,0.56,1.499,659,0.9,120,0.11,0.13,1,91,271,141,0,141,141,0.8,0,9990,500,0,54,5927,81,0,8198,1.54,0,0,704.8,91,52,338,0,16,"1 cup, 1"" pieces, loosely packed",,,28,1100,Vegetables and Vegetable Products,11233,1100,"Kale, raw","KALE,RAW",,,,"Stem ends, tough stems and tough midrib parts",28,Brassica oleracea (Acephala Group),6.25,"2,440,000,057","8,369,999,886","3,569,999,933",,,,
11246,"LEEKS,(BULB&LOWER LEAF-PORTION),RAW",Leeks,Vegetables and Vegetable Products,Vedgebles,Vegetables,83,61,1.5,0.3,1.05,14.15,1.8,3.9,59,2.1,28,35,180,20,0.12,0.12,481,1,12,0.06,0.03,0.4,0.14,233,64,0,64,64,9.5,0,1667,83,0,0,1000,0,0,1900,0.92,0,0,47,0.04,4,166,0,89,1 cup,89,1 leek,56,1100,Vegetables and Vegetable Products,11246,1100,"Leeks, (bulb and lower leaf-portion), raw","LEEKS,(BULB&LOWER LEAF-PORTION),RAW",,,Y,"Tops, root end and skin",56,Allium ampeloprasum,6.25,"2,779,999,971","8,369,999,886","3,839,999,914",,,,
11248,"LENTILS,SPROUTED,RAW",Lentils,Vegetables and Vegetable Products,Vedgebles,Vegetables,67.34,106,8.96,0.55,1,22.14,,,25,3.21,37,173,322,11,1.51,352,506,0.6,16.5,228,128,1.128,578,0.19,100,0,100,100,,0,45,2,0,,,,,,,0,0,,57,104,219,0,77,1 cup,,,0,1100,Vegetables and Vegetable Products,11248,1100,"Lentils, sprouted, raw","LENTILS,SPROUTED,RAW",,,,,0,Lens culinaris,6.25,"2,440,000,057","8,369,999,886","3,569,999,933",,,,
11297,"PARSLEY,FRSH",Parsley,Vegetables and Vegetable Products,Spices and Herbs,Spices and Herbs,87.71,36,2.97,0.79,2.2,6.33,3.3,0.85,138,6.2,50,58,554,56,1.07,149,0.16,0.1,133,86,98,1.313,0.4,0.09,152,0,152,152,12.8,0,8424,421,0,0,5054,0,0,5561,0.75,0,0,1640,132,295,124,0,60,"1 cup, chopped",3.8,1 tbsp,5,1100,Vegetables and Vegetable Products,11297,1100,"Parsley, fresh","PARSLEY,FRSH",,,Y,Tough stems,5,Petroselinum crispum,6.25,"2,440,000,057","8,369,999,886","3,569,999,933",,,,
11298,"PARSNIPS,RAW",Parsnips,Vegetables and Vegetable Products,Vedgebles,Vegetables,79.53,75,1.2,0.3,0.98,17.99,4.9,4.8,36,0.59,29,71,375,10,0.59,0.12,0.56,1.8,17,0.09,0.05,0.7,0.6,0.09,67,0,67,67,,0,0,0,0,0,0,0,0,0,1.49,0,0,22.5,0.05,112,47,0,133,"1 cup, slices",,,15,1100,Vegetables and Vegetable Products,11298,1100,"Parsnips, raw","PARSNIPS,RAW",,,,Parings,15,Pastinaca sativa,6.25,"2,779,999,971","8,369,999,886","3,839,999,914",,,,
11304,"PEAS,GREEN,RAW",Peas,Vegetables and Vegetable Products,Vedgebles,Vegetables,78.86,81,5.42,0.4,0.87,14.45,5.7,5.67,25,1.47,33,108,244,5,1.24,176,0.41,1.8,40,266,132,2.09,104,169,65,0,65,65,28.4,0,765,38,0,21,449,0,0,2477,0.13,0,0,24.8,71,35,187,0,145,1 cup,,,62,1100,Vegetables and Vegetable Products,11304,1100,"Peas, green, raw","PEAS,GREEN,RAW",,,Y,Pods and inedible peas,62,Pisum sativum,6.25,"3,470,000,029","8,369,999,886","4,070,000,172",,,,
11352,"POTATOES,FLESH & SKN,RAW",Potato,Vegetables and Vegetable Products,Vedgebles,Vegetables,79.25,77,2.05,0.09,1.11,17.49,2.1,0.82,12,0.81,23,57,425,6,0.3,0.11,153,0.4,19.7,81,32,1.061,295,298,15,0,15,15,12.1,0,2,0,0,0,1,0,0,9,0.01,0,0,2,25,2,42,0,75,".5 cup, diced",369,"1 Potato, large (3"" to 4-1/4"" dia)",25,1100,Vegetables and Vegetable Products,11352,1100,"Potatoes, flesh and skin, raw","POTATOES,FLESH & SKN,RAW",,,Y,Parings and trimmings,25,Solanum tuberosum,6.25,"2,779,999,971","8,369,999,886","403,000,021",,,,
11427,"PURSLANE,RAW",Purslane,Vegetables and Vegetable Products,Spices and Herbs,Spices and Herbs,92.86,20,2.03,0.36,1.36,3.39,,,65,1.99,68,44,494,45,0.17,113,303,0.9,21,47,112,0.48,36,73,12,0,12,12,12.8,0,1320,,0,,,,,,,0,0,,,,,0,43,1 cup,3,1 plant,24,1100,Vegetables and Vegetable Products,11427,1100,"Purslane, raw","PURSLANE,RAW",,,,Tough stems and leaves,24,Portulaca oleracea,6.25,"2,440,000,057","8,369,999,886","3,569,999,933",,,,
11429,"RADISHES,RAW",Radish,Vegetables and Vegetable Products,Vedgebles,Vegetables,95.27,16,0.68,0.1,0.55,3.4,1.6,1.86,25,0.34,10,20,233,39,0.28,0.05,69,0.6,14.8,12,39,254,165,71,25,0,25,25,6.5,0,7,0,0,0,4,0,0,10,0,0,0,1.3,32,17,48,0,116,"1 cup, slices",9,"1 large,  (1"" to 1-1/4"" dia)",10,1100,Vegetables and Vegetable Products,11429,1100,"Radishes, raw","RADISHES,RAW",,,Y,"Stem ends, rootlets and trimmings",10,Raphanus sativus,6.25,"2,779,999,971","8,369,999,886","3,839,999,914",,,,
11451,"SOYBEANS,GRN,CKD,BLD,DRND,WO/SALT",Soybeans,Vegetables and Vegetable Products,Vedgebles,Vegetables,68.6,141,12.35,6.4,1.6,11.05,4.2,,145,2.5,60,158,539,14,0.91,117,502,1.4,17,0.26,155,1.25,128,0.06,111,0,111,111,,0,156,8,0,,,,,,,0,0,,0.74,1.209,3.011,0,180,1 cup,,,0,1100,Vegetables and Vegetable Products,11451,1100,"Soybeans, green, cooked, boiled, drained, without salt","SOYBEANS,GRN,CKD,BLD,DRND,WO/SALT",,,,,0,,6.25,"3,470,000,029","8,369,999,886","4,070,000,172",,,,
11457,"SPINACH,RAW",Spinach,Vegetables and Vegetable Products,Vedgebles,Vegetables,91.4,23,2.86,0.39,1.72,3.63,2.2,0.42,99,2.71,79,49,558,79,0.53,0.13,897,1,28.1,78,189,724,65,195,194,0,194,194,19.3,0,9377,469,0,0,5626,0,0,12198,2.03,0,0,482.9,63,0.01,165,0,30,1 cup,340,1 bunch,28,1100,Vegetables and Vegetable Products,11457,1100,"Spinach, raw","SPINACH,RAW",,,Y,Large stems and roots,28,Spinacia oleracea,6.25,"2,440,000,057","8,369,999,886","3,569,999,933",,,,
11519,"TARO,COOKED,WITHOUT SALT",Taro,Vegetables and Vegetable Products,Spices and Herbs,Spices and Herbs,63.8,142,0.52,0.11,0.97,34.6,5.1,0.49,18,0.72,30,76,484,15,0.27,201,449,0.9,5,107,28,0.51,336,331,19,0,19,19,21.3,0,84,4,0,0,39,22,0,0,2.93,0,0,1.2,23,9,46,0,132,"1 cup, sliced",,,0,1100,Vegetables and Vegetable Products,11519,1100,"Taro, cooked, without salt","TARO,COOKED,WITHOUT SALT",,,Y,,0,,6.25,"2,779,999,971","8,369,999,886","403,000,021",,,,
11529,"TOMATOES,RED,RIPE,RAW,YEAR RND AVERAGE",Tomato,Vegetables and Vegetable Products,Vedgebles,Vegetables,94.52,18,0.88,0.2,0.5,3.89,1.2,2.63,10,0.27,11,24,237,5,0.17,59,114,0,13.7,37,19,594,89,0.08,15,0,15,15,6.7,0,833,42,0,101,449,0,2573,123,0.54,0,0,7.9,28,31,83,0,149,"1 cup,  cherry tomatoes",180,"1 cup, chopped or sliced",9,1100,Vegetables and Vegetable Products,11529,1100,"Tomatoes, red, ripe, raw, year round average","TOMATOES,RED,RIPE,RAW,YEAR RND AVERAGE","Includes USDA commodity food A238, A233",,Y,Core and stem ends,9,Solanum lycopersicum,6.25,"2,440,000,057","8,369,999,886","3,569,999,933",,,,
11568,"TURNIP GREENS,RAW",Turnip,Vegetables and Vegetable Products,Vedgebles,Vegetables,89.67,32,1.5,0.3,1.4,7.13,3.2,0.81,190,1.1,31,42,296,40,0.19,0.35,466,1.2,60,0.07,0.1,0.6,0.38,263,194,0,194,194,,0,11587,579,0,0,6952,0,0,12825,2.86,0,0,251,0.07,0.02,0.12,0,55,"1 cup, chopped",,,30,1100,Vegetables and Vegetable Products,11568,1100,"Turnip greens, raw","TURNIP GREENS,RAW",,,,"Root crown, tough stems and discarded leaves",30,Brassica rapa (Rapifera Group),6.25,"2,440,000,057","8,369,999,886","3,569,999,933",,,,
11614,"BORAGE,CKD,BLD,DRND,WO/SALT",Borage,Vegetables and Vegetable Products,Spices and Herbs,Spices and Herbs,91.88,25,2.09,0.81,1.67,3.55,,,102,3.64,57,55,491,88,0.22,143,385,0.9,32.5,59,165,0.94,45,88,10,0,10,10,,0,4385,219,0,,,,,,,0,0,,197,245,127,0,,,,,0,1100,Vegetables and Vegetable Products,11614,1100,"Borage, cooked, boiled, drained, without salt","BORAGE,CKD,BLD,DRND,WO/SALT",,,,,0,,6.25,"2,440,000,057","8,369,999,886","3,569,999,933",,,,
11615,"CHIVES,FREEZE-DRIED",Chives,Vegetables and Vegetable Products,Spices and Herbs,Spices and Herbs,2,311,21.2,3.5,9.01,64.29,26.2,,813,20,640,518,2960,70,5.12,686,1.35,9.4,660,0.9,1.5,5.9,2.106,1.996,108,0,108,108,,0,68300,3415,0,,,,,,,0,0,,591,0.49,1.369,0,0.2,1 tbsp,0.8,.25 cup,0,1100,Vegetables and Vegetable Products,11615,1100,"Chives, freeze-dried","CHIVES,FREEZE-DRIED",,,,,0,,6.25,"2,440,000,057","8,369,999,886","3,569,999,933",,,,
11641,"SQUASH,SMMR,ALL VAR,RAW",Squash,Vegetables and Vegetable Products,Vedgebles,Vegetables,94.64,16,1.21,0.18,0.62,3.35,1.1,2.2,15,0.35,17,38,262,2,0.29,51,175,0.2,17,48,142,487,155,218,29,0,29,29,6.7,0,200,10,0,0,120,0,0,2125,0.12,0,0,3,44,16,89,0,113,"1 cup, sliced",323,1 large,5,1100,Vegetables and Vegetable Products,11641,1100,"Squash, summer, all varieties, raw","SQUASH,SMMR,ALL VAR,RAW",,,Y,Ends,5,Cucurbita spp.,6.25,"2,440,000,057","8,369,999,886","3,569,999,933",,,,
12012,"SEEDS,HEMP SD,HULLED",Hemp seeds,Nut and Seed Products,Seeds,Nuts and Seeds,4.96,553,31.56,48.75,6.06,8.67,4,1.5,70,7.95,700,1650,1200,5,9.9,1.6,7.6,,0.5,1.275,285,9.2,,0.6,110,0,110,110,,,11,1,,,7,,,,0.8,,,,4.6,5.4,38.1,0,30,3 tbsp,,,0,1200,Nut and Seed Products,12012,1200,"Seeds, hemp seed, hulled","SEEDS,HEMP SD,HULLED",,,,,0,Cannabis sativa L.,"5,300,000,191","3,470,000,029","8,369,999,886","4,070,000,172",,,,
12023,"SESAME SEEDS,WHOLE,DRIED",Sesame seeds,Nut and Seed Products,Seeds,Nuts and Seeds,4.69,573,17.73,49.67,4.45,23.45,11.8,0.3,975,14.55,351,629,468,11,7.75,4.082,2.46,34.4,0,791,247,4.515,0.05,0.79,97,0,97,97,25.6,0,9,0,0,0,5,0,0,0,0.25,0,0,0,6.957,18.759,21.773,0,144,1 cup,9,1 tbsp,0,1200,Nut and Seed Products,12023,1200,"Seeds, sesame seeds, whole, dried","SESAME SEEDS,WHOLE,DRIED",,,Y,,0,Sesamum indicum,"5,300,000,191","3,470,000,029","8,369,999,886","4,070,000,172",,,,
12036,"SUNFLOWER SD KRNLS,DRIED",Sunflower,Nut and Seed Products,Seeds,Nuts and Seeds,4.73,584,20.78,51.46,3.02,20,8.6,2.62,78,5.25,325,660,645,9,5,1.8,1.95,53,1.4,1.48,355,8.335,1.13,1.345,227,0,227,227,55.1,0,50,3,0,0,30,0,0,0,35.17,0,0,0,4.455,18.528,23.137,0,46,"1 cup, with hulls edible yield",140,1 cup,46,1200,Nut and Seed Products,12036,1200,"Seeds, sunflower seed kernels, dried","SUNFLOWER SD KRNLS,DRIED",,,Y,Hulls,46,Helianthus annuus,"5,300,000,191","3,470,000,029","8,369,999,886","4,070,000,172",,,,
12061,ALMONDS,Almond,Nut and Seed Products,Nuts,Nuts and Seeds,4.41,579,21.15,49.93,2.97,21.55,12.5,4.35,269,3.71,270,481,733,1,3.12,1.031,2.179,4.1,0,205,1.138,3.618,471,137,44,0,44,44,52.1,0,2,0,0,0,1,0,0,1,25.63,0,0,0,3.802,31.551,12.329,0,143,"1 cup, whole",92,"1 cup, sliced",60,1200,Nut and Seed Products,12061,1200,"Nuts, almonds",ALMONDS,"Includes USDA commodity food A256, A264",,Y,Shells,60,Prunus dulcis,"5,179,999,828","3,470,000,029","8,369,999,886","4,070,000,172",,,,
12085,"CASHEW NUTS,DRY RSTD,WO/SALT",Cahsew nut,Nut and Seed Products,Nuts,Nuts and Seeds,1.7,574,15.31,46.35,3.95,32.69,3,5.01,45,6,260,490,565,16,5.6,2.22,826,11.7,0,0.2,0.2,1.4,1.217,256,69,0,69,69,61,0,0,0,0,0,0,0,0,23,0.92,0,0,34.7,9.157,27.317,7.836,0,137,"1 cup, halves and whole",8.6,1 tbsp,0,1200,Nut and Seed Products,12085,1200,"Nuts, cashew nuts, dry roasted, without salt added","CASHEW NUTS,DRY RSTD,WO/SALT",,,Y,,0,Anacardium occidentale,"5,300,000,191","3,470,000,029","8,369,999,886","4,070,000,172",,,,
12108,"COCONUT MEAT,DRIED (DESICCATED),NOT SWTND",Coconut,Nut and Seed Products,Nuts,Nuts and Seeds,3,660,6.88,64.53,1.94,23.65,16.3,7.35,26,3.32,90,206,543,37,2.01,796,2.745,18.5,1.5,0.06,0.1,603,0.8,0.3,9,0,9,9,22.1,0,0,0,0,0,0,0,0,0,0.44,0,0,0.3,57.218,2.745,706,0,28.35,1 oz,,,0,1200,Nut and Seed Products,12108,1200,"Nuts, coconut meat, dried (desiccated), not sweetened","COCONUT MEAT,DRIED (DESICCATED),NOT SWTND",,,Y,,0,,"5,300,000,191","3,470,000,029","8,369,999,886","4,070,000,172",,,,
12117,"COCONUT MILK,RAW (LIQ EXPRESSED FROM GRATED MEAT&H2O)",Coconut juice,Liquids,Dairy,Liquid,67.62,230,2.29,23.84,0.72,5.54,2.2,3.34,16,1.64,37,100,263,15,0.67,266,916,6.2,2.8,26,0,0.76,183,33,16,0,16,16,8.5,0,0,0,0,0,0,0,0,0,0.15,0,0,0.1,21.14,1.014,261,0,240,1 cup,15,1 tbsp,0,1200,Nut and Seed Products,12117,1200,"Nuts, coconut milk, raw (liquid expressed from grated meat and water)","COCONUT MILK,RAW (LIQ EXPRESSED FROM GRATED MEAT&H2O)",,,Y,,0,,"5,300,000,191","3,470,000,029","8,369,999,886","4,070,000,172",,,,
12120,HAZELNUTS OR FILBERTS,Hazelnut,Nut and Seed Products,Nuts,Nuts and Seeds,5.31,628,14.95,60.75,2.29,16.7,9.7,4.34,114,4.7,163,290,680,0,2.45,1.725,6.175,2.4,6.3,643,113,1.8,918,563,113,0,113,113,45.6,0,20,1,0,3,11,0,0,92,15.03,0,0,14.2,4.464,45.652,7.92,0,115,"1 cup, chopped",75,"1 cup, ground",59,1200,Nut and Seed Products,12120,1200,"Nuts, hazelnuts or filberts",HAZELNUTS OR FILBERTS,,,Y,Shells,59,Corylus spp.,"5,300,000,191","3,470,000,029","8,369,999,886","4,070,000,172",,,,
12147,"NUTS,PINE NUTS,DRIED",Pine nuts,Nut and Seed Products,Nuts,Nuts and Seeds,2.28,673,13.69,68.37,2.59,13.08,3.7,3.59,16,5.53,251,575,597,2,6.45,1.324,8.802,0.7,0.8,364,227,4.387,313,94,34,0,34,34,55.8,0,29,1,0,0,17,0,0,9,9.33,0,0,53.9,4.899,18.764,34.071,0,135,1 cup,28.35,"1 oz,  (167 kernels)",23,1200,Nut and Seed Products,12147,1200,"Nuts, pine nuts, dried","NUTS,PINE NUTS,DRIED",,,Y,Shells,23,Pinus spp.,"5,300,000,191","3,470,000,029","8,369,999,886","4,070,000,172",,,,
12152,"PISTACHIO NUTS,DRY RSTD,WO/SALT",Pistachio nuts,Nut and Seed Products,Nuts,Nuts and Seeds,1.85,572,21.05,45.82,3,28.28,10.3,7.74,107,4.03,109,469,1007,6,2.34,1.293,1.243,10,3,695,234,1.373,513,1.122,51,0,51,51,71.4,0,266,13,0,0,159,0,0,1160,2.17,0,0,13.2,5.645,24.534,13.346,0,123,1 cup,28.35,"1 oz,  (49 kernels)",47,1200,Nut and Seed Products,12152,1200,"Nuts, pistachio nuts, dry roasted, without salt added","PISTACHIO NUTS,DRY RSTD,WO/SALT",,,Y,Shells,47,,"5,300,000,191","3,470,000,029","8,369,999,886","4,070,000,172",,,,
12155,"WALNUTS,ENGLISH",Walnuts,Nut and Seed Products,Nuts,Nuts and Seeds,4.07,654,15.23,65.21,1.78,13.71,6.7,2.61,98,2.91,158,346,441,2,3.09,1.586,3.414,4.9,1.3,341,0.15,1.125,0.57,537,98,0,98,98,39.2,0,20,1,0,0,12,0,0,9,0.7,0,0,2.7,6.126,8.933,47.174,0,117,"1 cup, chopped",80,"1 cup, ground",55,1200,Nut and Seed Products,12155,1200,"Nuts, walnuts, english","WALNUTS,ENGLISH","Includes USDA commodity food A259, A257",,Y,Shells,55,Juglans regia,"5,300,000,191","3,470,000,029","8,369,999,886","4,070,000,172",,,,
12163,"PUMPKIN&SQUASH SEEDS,WHL,RSTD,WO/SALT",Pumpkin seeds,Nut and Seed Products,Seeds,Nuts and Seeds,4.5,446,18.55,19.4,3.8,53.75,18.4,,55,3.31,262,92,919,18,10.3,0.69,496,,0.3,34,52,286,56,37,9,0,9,9,,0,62,3,0,,,,,,,0,0,,3.67,6.032,8.844,0,64,1 cup,28.35,"1 oz,  (85 seeds)",0,1200,Nut and Seed Products,12163,1200,"Seeds, pumpkin and squash seeds, whole, roasted, without salt","PUMPKIN&SQUASH SEEDS,WHL,RSTD,WO/SALT",,,,,0,Cucurbita spp.,"5,300,000,191","3,470,000,029","8,369,999,886","4,070,000,172",,,,
12164,"PUMPKIN&SQUASH SEEDS,WHL,RSTD,WO/SALT",Squash seeds,Nut and Seed Products,Seeds,Nuts and Seeds,4.5,446,18.55,19.4,3.8,53.75,18.4,,55,3.31,262,92,919,18,10.3,0.69,496,,0.3,34,52,286,56,37,9,0,9,9,,0,62,3,0,,,,,,,0,0,,3.67,6.032,8.844,0,64,1 cup,28.35,"1 oz,  (85 seeds)",0,1200,Nut and Seed Products,12163,1200,"Seeds, pumpkin and squash seeds, whole, roasted, without salt","PUMPKIN&SQUASH SEEDS,WHL,RSTD,WO/SALT",,,,,0,Cucurbita spp.,"5,300,000,191","3,470,000,029","8,369,999,886","4,070,000,172",,,,
16120,"SOYMILK,ORIGINAL & VANILLA,UNFORTIFIED",Soymilk juice,Liquids,Dairy,Liquid,88.05,54,3.27,1.75,0.65,6.28,0.6,3.99,25,0.64,25,52,118,51,0.12,128,223,4.8,0,0.06,69,513,373,77,18,0,18,18,23.6,0,3,0,0,0,2,0,0,0,0.11,0,0,3,205,401,961,0,243,1 cup,30.6,1 fl oz,0,1600,Legumes and Legume Products,16120,1600,"Soymilk, original and vanilla, unfortified","SOYMILK,ORIGINAL & VANILLA,UNFORTIFIED",,,Y,,0,,,,,,,,,
12013,"LOTUS SEEDS,DRIED",Lotus seeds,,,Nuts and Seeds,14.16,332,15.41,1.97,3.99,64.47,,,163,3.53,210,626,1368,5,1.05,0.35,2.318,,0,0.64,0.15,1.6,851,629,104,0,104,104,,0,50,3,0,,,,,,,0,0,,0.33,388,1.166,0,32,1 cup,28.35,"1 oz,  (42 medium seeds)",0,1200,Nut and Seed Products,12013,1200,"Seeds, lotus seeds, dried","LOTUS SEEDS,DRIED",,,,,0,,"5,300,000,191","3,470,000,029","8,369,999,886","4,070,000,172",,,,
2010,"CINNAMON,GROUND",Cinnamon,,,Spices and Herbs,10.58,247,3.99,1.24,3.6,80.59,53.1,2.17,1002,8.32,60,64,431,10,1.83,339,17.466,3.1,3.8,22,41,1.332,358,158,6,0,6,6,11,0,295,15,0,1,112,129,15,222,2.32,0,0,31.2,345,246,68,0,2.6,1 tsp,7.9,1 tbsp,0,200,Spices and Herbs,2010,200,"Spices, cinnamon, ground","CINNAMON,GROUND",Cassia,,Y,,0,Cinnamomum aromaticum,6.25,"1,820,000,052","8,369,999,886","2,849,999,905",,,,
2009,CHILI POWDER,Chili,,,Spices and Herbs,10.75,282,13.46,14.28,11.81,49.7,34.8,7.19,330,17.3,149,300,1950,2867,4.3,1,1.7,20.4,0.7,0.25,0.94,11.6,888,2.094,28,0,28,28,66.5,0,29650,1483,0,2090,15000,3490,21,310,38.14,0,0,105.7,2.462,3.211,8.006,0,2.7,1 tsp,8,1 tbsp,0,200,Spices and Herbs,2009,200,"Spices, chili powder",CHILI POWDER,,,Y,,0,,6.25,"3,230,000,019","8,369,999,886","2,390,000,105",,,,
2021,"GINGER,GROUND",Ginger,,,Spices and Herbs,9.94,335,8.98,4.24,5.22,71.62,14.1,3.39,114,19.8,214,168,1320,27,3.64,0.48,33.3,55.8,0.7,46,0.17,9.62,477,626,13,0,13,13,41.2,0,30,2,0,0,18,0,0,0,0,0,0,0.8,2.599,479,929,0,1.8,1 tsp,5.2,1 tbsp,0,200,Spices and Herbs,2021,200,"Spices, ginger, ground","GINGER,GROUND",,,Y,,0,Zingiber officinale,6.25,"2,779,999,971","8,369,999,886","3,839,999,914",,,,
2002,ANISE SEED,Anise,,,Spices and Herbs,9.54,337,17.6,15.9,6.95,50.02,14.6,,646,36.96,170,440,1441,16,5.3,0.91,2.3,5,21,0.34,0.29,3.06,797,0.65,10,0,10,10,,0,311,16,0,,,,,,,0,0,,586,9.78,3.15,0,2.1,"1 tsp, whole",6.7,"1 tbsp, whole",0,200,Spices and Herbs,2002,200,"Spices, anise seed",ANISE SEED,,,,,0,Pimpinella anisum,6.25,"3,359,999,895","8,369,999,886","2,900,000,095",,,,
2044,"BASIL,FRESH",Basil,,,Spices and Herbs,92.06,23,3.15,0.64,1.49,2.65,1.6,0.3,177,3.17,64,56,295,4,0.81,385,1.148,0.3,18,34,76,902,209,155,68,0,68,68,11.4,0,5275,264,0,0,3142,46,0,5650,0.8,0,0,414.8,41,88,389,0,2.5,5 leaves,5.3,"2 tbsp, chopped",36,200,Spices and Herbs,2044,200,"Basil, fresh","BASIL,FRESH",,,Y,"Tough stems, flower heads and trimmings",36,Ocimum basilicum,6.25,"2,440,000,057","8,369,999,886","3,569,999,933",,,,
,,,,,,,,,,,,,,,,,,,,,,,,,,,,,,,,,,,,,,,,,,,,,,,,,,,,,,,,,,,,,,,,,,,,,,,,,,,,
,,,,,,,,,,,,,,,,,,,,,,,,,,,,,,,,,,,,,,,,,,,,,,,,,,,,,,,,,,,,,,,,,,,,,,,,,,,,
,,,,,,,,,,,,,,,,,,,,,,,,,,,,,,,,,,,,,,,,,,,,,,,,,,,,,,,,,,,,,,,,,,,,,,,,,,,,
,,,,,,,,,,,,,,,,,,,,,,,,,,,,,,,,,,,,,,,,,,,,,,,,,,,,,,,,,,,,,,,,,,,,,,,,,,,,
,,,,,,,,,,,,,,,,,,,,,,,,,,,,,,,,,,,,,,,,,,,,,,,,,,,,,,,,,,,,,,,,,,,,,,,,,,,,
,,,,,,,,,,,,,,,,,,,,,,,,,,,,,,,,,,,,,,,,,,,,,,,,,,,,,,,,,,,,,,,,,,,,,,,,,,,,
,,,,,,,,,,,,,,,,,,,,,,,,,,,,,,,,,,,,,,,,,,,,,,,,,,,,,,,,,,,,,,,,,,,,,,,,,,,,
,,,,,,,,,,,,,,,,,,,,,,,,,,,,,,,,,,,,,,,,,,,,,,,,,,,,,,,,,,,,,,,,,,,,,,,,,,,,
,,,,,,,,,,,,,,,,,,,,,,,,,,,,,,,,,,,,,,,,,,,,,,,,,,,,,,,,,,,,,,,,,,,,,,,,,,,,
,,,,,,,,,,,,,,,,,,,,,,,,,,,,,,,,,,,,,,,,,,,,,,,,,,,,,,,,,,,,,,,,,,,,,,,,,,,,
,,,,,,,,,,,,,,,,,,,,,,,,,,,,,,,,,,,,,,,,,,,,,,,,,,,,,,,,,,,,,,,,,,,,,,,,,,,,
,,,,,,,,,,,,,,,,,,,,,,,,,,,,,,,,,,,,,,,,,,,,,,,,,,,,,,,,,,,,,,,,,,,,,,,,,,,,
,,,,,,,,,,,,,,,,,,,,,,,,,,,,,,,,,,,,,,,,,,,,,,,,,,,,,,,,,,,,,,,,,,,,,,,,,,,,
,,,,,,,,,,,,,,,,,,,,,,,,,,,,,,,,,,,,,,,,,,,,,,,,,,,,,,,,,,,,,,,,,,,,,,,,,,,,
,,,,,,,,,,,,,,,,,,,,,,,,,,,,,,,,,,,,,,,,,,,,,,,,,,,,,,,,,,,,,,,,,,,,,,,,,,,,
,,,,,,,,,,,,,,,,,,,,,,,,,,,,,,,,,,,,,,,,,,,,,,,,,,,,,,,,,,,,,,,,,,,,,,,,,,,,
,,,,,,,,,,,,,,,,,,,,,,,,,,,,,,,,,,,,,,,,,,,,,,,,,,,,,,,,,,,,,,,,,,,,,,,,,,,,
,,,,,,,,,,,,,,,,,,,,,,,,,,,,,,,,,,,,,,,,,,,,,,,,,,,,,,,,,,,,,,,,,,,,,,,,,,,,
,,,,,,,,,,,,,,,,,,,,,,,,,,,,,,,,,,,,,,,,,,,,,,,,,,,,,,,,,,,,,,,,,,,,,,,,,,,,
,,,,,,,,,,,,,,,,,,,,,,,,,,,,,,,,,,,,,,,,,,,,,,,,,,,,,,,,,,,,,,,,,,,,,,,,,,,,
,,,,,,,,,,,,,,,,,,,,,,,,,,,,,,,,,,,,,,,,,,,,,,,,,,,,,,,,,,,,,,,,,,,,,,,,,,,,
,,,,,,,,,,,,,,,,,,,,,,,,,,,,,,,,,,,,,,,,,,,,,,,,,,,,,,,,,,,,,,,,,,,,,,,,,,,,
,,,,,,,,,,,,,,,,,,,,,,,,,,,,,,,,,,,,,,,,,,,,,,,,,,,,,,,,,,,,,,,,,,,,,,,,,,,,
,,,,,,,,,,,,,,,,,,,,,,,,,,,,,,,,,,,,,,,,,,,,,,,,,,,,,,,,,,,,,,,,,,,,,,,,,,,,
,,,,,,,,,,,,,,,,,,,,,,,,,,,,,,,,,,,,,,,,,,,,,,,,,,,,,,,,,,,,,,,,,,,,,,,,,,,,
,,,,,,,,,,,,,,,,,,,,,,,,,,,,,,,,,,,,,,,,,,,,,,,,,,,,,,,,,,,,,,,,,,,,,,,,,,,,
,,,,,,,,,,,,,,,,,,,,,,,,,,,,,,,,,,,,,,,,,,,,,,,,,,,,,,,,,,,,,,,,,,,,,,,,,,,,
,,,,,,,,,,,,,,,,,,,,,,,,,,,,,,,,,,,,,,,,,,,,,,,,,,,,,,,,,,,,,,,,,,,,,,,,,,,,
,,,,,,,,,,,,,,,,,,,,,,,,,,,,,,,,,,,,,,,,,,,,,,,,,,,,,,,,,,,,,,,,,,,,,,,,,,,,
,,,,,,,,,,,,,,,,,,,,,,,,,,,,,,,,,,,,,,,,,,,,,,,,,,,,,,,,,,,,,,,,,,,,,,,,,,,,
,,,,,,,,,,,,,,,,,,,,,,,,,,,,,,,,,,,,,,,,,,,,,,,,,,,,,,,,,,,,,,,,,,,,,,,,,,,,
,,,,,,,,,,,,,,,,,,,,,,,,,,,,,,,,,,,,,,,,,,,,,,,,,,,,,,,,,,,,,,,,,,,,,,,,,,,,
,,,,,,,,,,,,,,,,,,,,,,,,,,,,,,,,,,,,,,,,,,,,,,,,,,,,,,,,,,,,,,,,,,,,,,,,,,,,
,,,,,,,,,,,,,,,,,,,,,,,,,,,,,,,,,,,,,,,,,,,,,,,,,,,,,,,,,,,,,,,,,,,,,,,,,,,,
,,,,,,,,,,,,,,,,,,,,,,,,,,,,,,,,,,,,,,,,,,,,,,,,,,,,,,,,,,,,,,,,,,,,,,,,,,,,
,,,,,,,,,,,,,,,,,,,,,,,,,,,,,,,,,,,,,,,,,,,,,,,,,,,,,,,,,,,,,,,,,,,,,,,,,,,,
,,,,,,,,,,,,,,,,,,,,,,,,,,,,,,,,,,,,,,,,,,,,,,,,,,,,,,,,,,,,,,,,,,,,,,,,,,,,
,,,,,,,,,,,,,,,,,,,,,,,,,,,,,,,,,,,,,,,,,,,,,,,,,,,,,,,,,,,,,,,,,,,,,,,,,,,,
,,,,,,,,,,,,,,,,,,,,,,,,,,,,,,,,,,,,,,,,,,,,,,,,,,,,,,,,,,,,,,,,,,,,,,,,,,,,
,,,,,,,,,,,,,,,,,,,,,,,,,,,,,,,,,,,,,,,,,,,,,,,,,,,,,,,,,,,,,,,,,,,,,,,,,,,,
,,,,,,,,,,,,,,,,,,,,,,,,,,,,,,,,,,,,,,,,,,,,,,,,,,,,,,,,,,,,,,,,,,,,,,,,,,,,
,,,,,,,,,,,,,,,,,,,,,,,,,,,,,,,,,,,,,,,,,,,,,,,,,,,,,,,,,,,,,,,,,,,,,,,,,,,,
,,,,,,,,,,,,,,,,,,,,,,,,,,,,,,,,,,,,,,,,,,,,,,,,,,,,,,,,,,,,,,,,,,,,,,,,,,,,
,,,,,,,,,,,,,,,,,,,,,,,,,,,,,,,,,,,,,,,,,,,,,,,,,,,,,,,,,,,,,,,,,,,,,,,,,,,,
,,,,,,,,,,,,,,,,,,,,,,,,,,,,,,,,,,,,,,,,,,,,,,,,,,,,,,,,,,,,,,,,,,,,,,,,,,,,
,,,,,,,,,,,,,,,,,,,,,,,,,,,,,,,,,,,,,,,,,,,,,,,,,,,,,,,,,,,,,,,,,,,,,,,,,,,,
,,,,,,,,,,,,,,,,,,,,,,,,,,,,,,,,,,,,,,,,,,,,,,,,,,,,,,,,,,,,,,,,,,,,,,,,,,,,
,,,,,,,,,,,,,,,,,,,,,,,,,,,,,,,,,,,,,,,,,,,,,,,,,,,,,,,,,,,,,,,,,,,,,,,,,,,,
,,,,,,,,,,,,,,,,,,,,,,,,,,,,,,,,,,,,,,,,,,,,,,,,,,,,,,,,,,,,,,,,,,,,,,,,,,,,
,,,,,,,,,,,,,,,,,,,,,,,,,,,,,,,,,,,,,,,,,,,,,,,,,,,,,,,,,,,,,,,,,,,,,,,,,,,,
,,,,,,,,,,,,,,,,,,,,,,,,,,,,,,,,,,,,,,,,,,,,,,,,,,,,,,,,,,,,,,,,,,,,,,,,,,,,
,,,,,,,,,,,,,,,,,,,,,,,,,,,,,,,,,,,,,,,,,,,,,,,,,,,,,,,,,,,,,,,,,,,,,,,,,,,,
,,,,,,,,,,,,,,,,,,,,,,,,,,,,,,,,,,,,,,,,,,,,,,,,,,,,,,,,,,,,,,,,,,,,,,,,,,,,
,,,,,,,,,,,,,,,,,,,,,,,,,,,,,,,,,,,,,,,,,,,,,,,,,,,,,,,,,,,,,,,,,,,,,,,,,,,,
,,,,,,,,,,,,,,,,,,,,,,,,,,,,,,,,,,,,,,,,,,,,,,,,,,,,,,,,,,,,,,,,,,,,,,,,,,,,
,,,,,,,,,,,,,,,,,,,,,,,,,,,,,,,,,,,,,,,,,,,,,,,,,,,,,,,,,,,,,,,,,,,,,,,,,,,,
,,,,,,,,,,,,,,,,,,,,,,,,,,,,,,,,,,,,,,,,,,,,,,,,,,,,,,,,,,,,,,,,,,,,,,,,,,,,
,,,,,,,,,,,,,,,,,,,,,,,,,,,,,,,,,,,,,,,,,,,,,,,,,,,,,,,,,,,,,,,,,,,,,,,,,,,,
,,,,,,,,,,,,,,,,,,,,,,,,,,,,,,,,,,,,,,,,,,,,,,,,,,,,,,,,,,,,,,,,,,,,,,,,,,,,
,,,,,,,,,,,,,,,,,,,,,,,,,,,,,,,,,,,,,,,,,,,,,,,,,,,,,,,,,,,,,,,,,,,,,,,,,,,,
,,,,,,,,,,,,,,,,,,,,,,,,,,,,,,,,,,,,,,,,,,,,,,,,,,,,,,,,,,,,,,,,,,,,,,,,,,,,
,,,,,,,,,,,,,,,,,,,,,,,,,,,,,,,,,,,,,,,,,,,,,,,,,,,,,,,,,,,,,,,,,,,,,,,,,,,,
,,,,,,,,,,,,,,,,,,,,,,,,,,,,,,,,,,,,,,,,,,,,,,,,,,,,,,,,,,,,,,,,,,,,,,,,,,,,
,,,,,,,,,,,,,,,,,,,,,,,,,,,,,,,,,,,,,,,,,,,,,,,,,,,,,,,,,,,,,,,,,,,,,,,,,,,,
,,,,,,,,,,,,,,,,,,,,,,,,,,,,,,,,,,,,,,,,,,,,,,,,,,,,,,,,,,,,,,,,,,,,,,,,,,,,
,,,,,,,,,,,,,,,,,,,,,,,,,,,,,,,,,,,,,,,,,,,,,,,,,,,,,,,,,,,,,,,,,,,,,,,,,,,,
,,,,,,,,,,,,,,,,,,,,,,,,,,,,,,,,,,,,,,,,,,,,,,,,,,,,,,,,,,,,,,,,,,,,,,,,,,,,
,,,,,,,,,,,,,,,,,,,,,,,,,,,,,,,,,,,,,,,,,,,,,,,,,,,,,,,,,,,,,,,,,,,,,,,,,,,,
,,,,,,,,,,,,,,,,,,,,,,,,,,,,,,,,,,,,,,,,,,,,,,,,,,,,,,,,,,,,,,,,,,,,,,,,,,,,
,,,,,,,,,,,,,,,,,,,,,,,,,,,,,,,,,,,,,,,,,,,,,,,,,,,,,,,,,,,,,,,,,,,,,,,,,,,,
,,,,,,,,,,,,,,,,,,,,,,,,,,,,,,,,,,,,,,,,,,,,,,,,,,,,,,,,,,,,,,,,,,,,,,,,,,,,
,,,,,,,,,,,,,,,,,,,,,,,,,,,,,,,,,,,,,,,,,,,,,,,,,,,,,,,,,,,,,,,,,,,,,,,,,,,,
,,,,,,,,,,,,,,,,,,,,,,,,,,,,,,,,,,,,,,,,,,,,,,,,,,,,,,,,,,,,,,,,,,,,,,,,,,,,
,,,,,,,,,,,,,,,,,,,,,,,,,,,,,,,,,,,,,,,,,,,,,,,,,,,,,,,,,,,,,,,,,,,,,,,,,,,,
,,,,,,,,,,,,,,,,,,,,,,,,,,,,,,,,,,,,,,,,,,,,,,,,,,,,,,,,,,,,,,,,,,,,,,,,,,,,
,,,,,,,,,,,,,,,,,,,,,,,,,,,,,,,,,,,,,,,,,,,,,,,,,,,,,,,,,,,,,,,,,,,,,,,,,,,,
,,,,,,,,,,,,,,,,,,,,,,,,,,,,,,,,,,,,,,,,,,,,,,,,,,,,,,,,,,,,,,,,,,,,,,,,,,,,
,,,,,,,,,,,,,,,,,,,,,,,,,,,,,,,,,,,,,,,,,,,,,,,,,,,,,,,,,,,,,,,,,,,,,,,,,,,,
,,,,,,,,,,,,,,,,,,,,,,,,,,,,,,,,,,,,,,,,,,,,,,,,,,,,,,,,,,,,,,,,,,,,,,,,,,,,
,,,,,,,,,,,,,,,,,,,,,,,,,,,,,,,,,,,,,,,,,,,,,,,,,,,,,,,,,,,,,,,,,,,,,,,,,,,,
,,,,,,,,,,,,,,,,,,,,,,,,,,,,,,,,,,,,,,,,,,,,,,,,,,,,,,,,,,,,,,,,,,,,,,,,,,,,
,,,,,,,,,,,,,,,,,,,,,,,,,,,,,,,,,,,,,,,,,,,,,,,,,,,,,,,,,,,,,,,,,,,,,,,,,,,,
,,,,,,,,,,,,,,,,,,,,,,,,,,,,,,,,,,,,,,,,,,,,,,,,,,,,,,,,,,,,,,,,,,,,,,,,,,,,
,,,,,,,,,,,,,,,,,,,,,,,,,,,,,,,,,,,,,,,,,,,,,,,,,,,,,,,,,,,,,,,,,,,,,,,,,,,,
,,,,,,,,,,,,,,,,,,,,,,,,,,,,,,,,,,,,,,,,,,,,,,,,,,,,,,,,,,,,,,,,,,,,,,,,,,,,
,,,,,,,,,,,,,,,,,,,,,,,,,,,,,,,,,,,,,,,,,,,,,,,,,,,,,,,,,,,,,,,,,,,,,,,,,,,,
,,,,,,,,,,,,,,,,,,,,,,,,,,,,,,,,,,,,,,,,,,,,,,,,,,,,,,,,,,,,,,,,,,,,,,,,,,,,
,,,,,,,,,,,,,,,,,,,,,,,,,,,,,,,,,,,,,,,,,,,,,,,,,,,,,,,,,,,,,,,,,,,,,,,,,,,,
,,,,,,,,,,,,,,,,,,,,,,,,,,,,,,,,,,,,,,,,,,,,,,,,,,,,,,,,,,,,,,,,,,,,,,,,,,,,
,,,,,,,,,,,,,,,,,,,,,,,,,,,,,,,,,,,,,,,,,,,,,,,,,,,,,,,,,,,,,,,,,,,,,,,,,,,,
,,,,,,,,,,,,,,,,,,,,,,,,,,,,,,,,,,,,,,,,,,,,,,,,,,,,,,,,,,,,,,,,,,,,,,,,,,,,
,,,,,,,,,,,,,,,,,,,,,,,,,,,,,,,,,,,,,,,,,,,,,,,,,,,,,,,,,,,,,,,,,,,,,,,,,,,,
,,,,,,,,,,,,,,,,,,,,,,,,,,,,,,,,,,,,,,,,,,,,,,,,,,,,,,,,,,,,,,,,,,,,,,,,,,,,
,,,,,,,,,,,,,,,,,,,,,,,,,,,,,,,,,,,,,,,,,,,,,,,,,,,,,,,,,,,,,,,,,,,,,,,,,,,,
,,,,,,,,,,,,,,,,,,,,,,,,,,,,,,,,,,,,,,,,,,,,,,,,,,,,,,,,,,,,,,,,,,,,,,,,,,,,
,,,,,,,,,,,,,,,,,,,,,,,,,,,,,,,,,,,,,,,,,,,,,,,,,,,,,,,,,,,,,,,,,,,,,,,,,,,,
,,,,,,,,,,,,,,,,,,,,,,,,,,,,,,,,,,,,,,,,,,,,,,,,,,,,,,,,,,,,,,,,,,,,,,,,,,,,
,,,,,,,,,,,,,,,,,,,,,,,,,,,,,,,,,,,,,,,,,,,,,,,,,,,,,,,,,,,,,,,,,,,,,,,,,,,,
,,,,,,,,,,,,,,,,,,,,,,,,,,,,,,,,,,,,,,,,,,,,,,,,,,,,,,,,,,,,,,,,,,,,,,,,,,,,
,,,,,,,,,,,,,,,,,,,,,,,,,,,,,,,,,,,,,,,,,,,,,,,,,,,,,,,,,,,,,,,,,,,,,,,,,,,,
,,,,,,,,,,,,,,,,,,,,,,,,,,,,,,,,,,,,,,,,,,,,,,,,,,,,,,,,,,,,,,,,,,,,,,,,,,,,
,,,,,,,,,,,,,,,,,,,,,,,,,,,,,,,,,,,,,,,,,,,,,,,,,,,,,,,,,,,,,,,,,,,,,,,,,,,,
,,,,,,,,,,,,,,,,,,,,,,,,,,,,,,,,,,,,,,,,,,,,,,,,,,,,,,,,,,,,,,,,,,,,,,,,,,,,
,,,,,,,,,,,,,,,,,,,,,,,,,,,,,,,,,,,,,,,,,,,,,,,,,,,,,,,,,,,,,,,,,,,,,,,,,,,,
,,,,,,,,,,,,,,,,,,,,,,,,,,,,,,,,,,,,,,,,,,,,,,,,,,,,,,,,,,,,,,,,,,,,,,,,,,,,
,,,,,,,,,,,,,,,,,,,,,,,,,,,,,,,,,,,,,,,,,,,,,,,,,,,,,,,,,,,,,,,,,,,,,,,,,,,,
,,,,,,,,,,,,,,,,,,,,,,,,,,,,,,,,,,,,,,,,,,,,,,,,,,,,,,,,,,,,,,,,,,,,,,,,,,,,
,,,,,,,,,,,,,,,,,,,,,,,,,,,,,,,,,,,,,,,,,,,,,,,,,,,,,,,,,,,,,,,,,,,,,,,,,,,,
,,,,,,,,,,,,,,,,,,,,,,,,,,,,,,,,,,,,,,,,,,,,,,,,,,,,,,,,,,,,,,,,,,,,,,,,,,,,
,,,,,,,,,,,,,,,,,,,,,,,,,,,,,,,,,,,,,,,,,,,,,,,,,,,,,,,,,,,,,,,,,,,,,,,,,,,,
,,,,,,,,,,,,,,,,,,,,,,,,,,,,,,,,,,,,,,,,,,,,,,,,,,,,,,,,,,,,,,,,,,,,,,,,,,,,
,,,,,,,,,,,,,,,,,,,,,,,,,,,,,,,,,,,,,,,,,,,,,,,,,,,,,,,,,,,,,,,,,,,,,,,,,,,,
,,,,,,,,,,,,,,,,,,,,,,,,,,,,,,,,,,,,,,,,,,,,,,,,,,,,,,,,,,,,,,,,,,,,,,,,,,,,
,,,,,,,,,,,,,,,,,,,,,,,,,,,,,,,,,,,,,,,,,,,,,,,,,,,,,,,,,,,,,,,,,,,,,,,,,,,,
,,,,,,,,,,,,,,,,,,,,,,,,,,,,,,,,,,,,,,,,,,,,,,,,,,,,,,,,,,,,,,,,,,,,,,,,,,,,
,,,,,,,,,,,,,,,,,,,,,,,,,,,,,,,,,,,,,,,,,,,,,,,,,,,,,,,,,,,,,,,,,,,,,,,,,,,,
,,,,,,,,,,,,,,,,,,,,,,,,,,,,,,,,,,,,,,,,,,,,,,,,,,,,,,,,,,,,,,,,,,,,,,,,,,,,
,,,,,,,,,,,,,,,,,,,,,,,,,,,,,,,,,,,,,,,,,,,,,,,,,,,,,,,,,,,,,,,,,,,,,,,,,,,,
,,,,,,,,,,,,,,,,,,,,,,,,,,,,,,,,,,,,,,,,,,,,,,,,,,,,,,,,,,,,,,,,,,,,,,,,,,,,
,,,,,,,,,,,,,,,,,,,,,,,,,,,,,,,,,,,,,,,,,,,,,,,,,,,,,,,,,,,,,,,,,,,,,,,,,,,,
,,,,,,,,,,,,,,,,,,,,,,,,,,,,,,,,,,,,,,,,,,,,,,,,,,,,,,,,,,,,,,,,,,,,,,,,,,,,
,,,,,,,,,,,,,,,,,,,,,,,,,,,,,,,,,,,,,,,,,,,,,,,,,,,,,,,,,,,,,,,,,,,,,,,,,,,,
,,,,,,,,,,,,,,,,,,,,,,,,,,,,,,,,,,,,,,,,,,,,,,,,,,,,,,,,,,,,,,,,,,,,,,,,,,,,
,,,,,,,,,,,,,,,,,,,,,,,,,,,,,,,,,,,,,,,,,,,,,,,,,,,,,,,,,,,,,,,,,,,,,,,,,,,,
,,,,,,,,,,,,,,,,,,,,,,,,,,,,,,,,,,,,,,,,,,,,,,,,,,,,,,,,,,,,,,,,,,,,,,,,,,,,
,,,,,,,,,,,,,,,,,,,,,,,,,,,,,,,,,,,,,,,,,,,,,,,,,,,,,,,,,,,,,,,,,,,,,,,,,,,,
,,,,,,,,,,,,,,,,,,,,,,,,,,,,,,,,,,,,,,,,,,,,,,,,,,,,,,,,,,,,,,,,,,,,,,,,,,,,
,,,,,,,,,,,,,,,,,,,,,,,,,,,,,,,,,,,,,,,,,,,,,,,,,,,,,,,,,,,,,,,,,,,,,,,,,,,,
,,,,,,,,,,,,,,,,,,,,,,,,,,,,,,,,,,,,,,,,,,,,,,,,,,,,,,,,,,,,,,,,,,,,,,,,,,,,
,,,,,,,,,,,,,,,,,,,,,,,,,,,,,,,,,,,,,,,,,,,,,,,,,,,,,,,,,,,,,,,,,,,,,,,,,,,,
,,,,,,,,,,,,,,,,,,,,,,,,,,,,,,,,,,,,,,,,,,,,,,,,,,,,,,,,,,,,,,,,,,,,,,,,,,,,
,,,,,,,,,,,,,,,,,,,,,,,,,,,,,,,,,,,,,,,,,,,,,,,,,,,,,,,,,,,,,,,,,,,,,,,,,,,,
,,,,,,,,,,,,,,,,,,,,,,,,,,,,,,,,,,,,,,,,,,,,,,,,,,,,,,,,,,,,,,,,,,,,,,,,,,,,
,,,,,,,,,,,,,,,,,,,,,,,,,,,,,,,,,,,,,,,,,,,,,,,,,,,,,,,,,,,,,,,,,,,,,,,,,,,,
,,,,,,,,,,,,,,,,,,,,,,,,,,,,,,,,,,,,,,,,,,,,,,,,,,,,,,,,,,,,,,,,,,,,,,,,,,,,
,,,,,,,,,,,,,,,,,,,,,,,,,,,,,,,,,,,,,,,,,,,,,,,,,,,,,,,,,,,,,,,,,,,,,,,,,,,,
,,,,,,,,,,,,,,,,,,,,,,,,,,,,,,,,,,,,,,,,,,,,,,,,,,,,,,,,,,,,,,,,,,,,,,,,,,,,
,,,,,,,,,,,,,,,,,,,,,,,,,,,,,,,,,,,,,,,,,,,,,,,,,,,,,,,,,,,,,,,,,,,,,,,,,,,,
,,,,,,,,,,,,,,,,,,,,,,,,,,,,,,,,,,,,,,,,,,,,,,,,,,,,,,,,,,,,,,,,,,,,,,,,,,,,
,,,,,,,,,,,,,,,,,,,,,,,,,,,,,,,,,,,,,,,,,,,,,,,,,,,,,,,,,,,,,,,,,,,,,,,,,,,,
,,,,,,,,,,,,,,,,,,,,,,,,,,,,,,,,,,,,,,,,,,,,,,,,,,,,,,,,,,,,,,,,,,,,,,,,,,,,
,,,,,,,,,,,,,,,,,,,,,,,,,,,,,,,,,,,,,,,,,,,,,,,,,,,,,,,,,,,,,,,,,,,,,,,,,,,,
,,,,,,,,,,,,,,,,,,,,,,,,,,,,,,,,,,,,,,,,,,,,,,,,,,,,,,,,,,,,,,,,,,,,,,,,,,,,
,,,,,,,,,,,,,,,,,,,,,,,,,,,,,,,,,,,,,,,,,,,,,,,,,,,,,,,,,,,,,,,,,,,,,,,,,,,,
,,,,,,,,,,,,,,,,,,,,,,,,,,,,,,,,,,,,,,,,,,,,,,,,,,,,,,,,,,,,,,,,,,,,,,,,,,,,
,,,,,,,,,,,,,,,,,,,,,,,,,,,,,,,,,,,,,,,,,,,,,,,,,,,,,,,,,,,,,,,,,,,,,,,,,,,,
,,,,,,,,,,,,,,,,,,,,,,,,,,,,,,,,,,,,,,,,,,,,,,,,,,,,,,,,,,,,,,,,,,,,,,,,,,,,
,,,,,,,,,,,,,,,,,,,,,,,,,,,,,,,,,,,,,,,,,,,,,,,,,,,,,,,,,,,,,,,,,,,,,,,,,,,,
,,,,,,,,,,,,,,,,,,,,,,,,,,,,,,,,,,,,,,,,,,,,,,,,,,,,,,,,,,,,,,,,,,,,,,,,,,,,
,,,,,,,,,,,,,,,,,,,,,,,,,,,,,,,,,,,,,,,,,,,,,,,,,,,,,,,,,,,,,,,,,,,,,,,,,,,,
,,,,,,,,,,,,,,,,,,,,,,,,,,,,,,,,,,,,,,,,,,,,,,,,,,,,,,,,,,,,,,,,,,,,,,,,,,,,
,,,,,,,,,,,,,,,,,,,,,,,,,,,,,,,,,,,,,,,,,,,,,,,,,,,,,,,,,,,,,,,,,,,,,,,,,,,,
,,,,,,,,,,,,,,,,,,,,,,,,,,,,,,,,,,,,,,,,,,,,,,,,,,,,,,,,,,,,,,,,,,,,,,,,,,,,
,,,,,,,,,,,,,,,,,,,,,,,,,,,,,,,,,,,,,,,,,,,,,,,,,,,,,,,,,,,,,,,,,,,,,,,,,,,,
,,,,,,,,,,,,,,,,,,,,,,,,,,,,,,,,,,,,,,,,,,,,,,,,,,,,,,,,,,,,,,,,,,,,,,,,,,,,
,,,,,,,,,,,,,,,,,,,,,,,,,,,,,,,,,,,,,,,,,,,,,,,,,,,,,,,,,,,,,,,,,,,,,,,,,,,,
,,,,,,,,,,,,,,,,,,,,,,,,,,,,,,,,,,,,,,,,,,,,,,,,,,,,,,,,,,,,,,,,,,,,,,,,,,,,
,,,,,,,,,,,,,,,,,,,,,,,,,,,,,,,,,,,,,,,,,,,,,,,,,,,,,,,,,,,,,,,,,,,,,,,,,,,,
,,,,,,,,,,,,,,,,,,,,,,,,,,,,,,,,,,,,,,,,,,,,,,,,,,,,,,,,,,,,,,,,,,,,,,,,,,,,
,,,,,,,,,,,,,,,,,,,,,,,,,,,,,,,,,,,,,,,,,,,,,,,,,,,,,,,,,,,,,,,,,,,,,,,,,,,,
,,,,,,,,,,,,,,,,,,,,,,,,,,,,,,,,,,,,,,,,,,,,,,,,,,,,,,,,,,,,,,,,,,,,,,,,,,,,
,,,,,,,,,,,,,,,,,,,,,,,,,,,,,,,,,,,,,,,,,,,,,,,,,,,,,,,,,,,,,,,,,,,,,,,,,,,,
,,,,,,,,,,,,,,,,,,,,,,,,,,,,,,,,,,,,,,,,,,,,,,,,,,,,,,,,,,,,,,,,,,,,,,,,,,,,
,,,,,,,,,,,,,,,,,,,,,,,,,,,,,,,,,,,,,,,,,,,,,,,,,,,,,,,,,,,,,,,,,,,,,,,,,,,,
,,,,,,,,,,,,,,,,,,,,,,,,,,,,,,,,,,,,,,,,,,,,,,,,,,,,,,,,,,,,,,,,,,,,,,,,,,,,
,,,,,,,,,,,,,,,,,,,,,,,,,,,,,,,,,,,,,,,,,,,,,,,,,,,,,,,,,,,,,,,,,,,,,,,,,,,,
,,,,,,,,,,,,,,,,,,,,,,,,,,,,,,,,,,,,,,,,,,,,,,,,,,,,,,,,,,,,,,,,,,,,,,,,,,,,
,,,,,,,,,,,,,,,,,,,,,,,,,,,,,,,,,,,,,,,,,,,,,,,,,,,,,,,,,,,,,,,,,,,,,,,,,,,,
,,,,,,,,,,,,,,,,,,,,,,,,,,,,,,,,,,,,,,,,,,,,,,,,,,,,,,,,,,,,,,,,,,,,,,,,,,,,
,,,,,,,,,,,,,,,,,,,,,,,,,,,,,,,,,,,,,,,,,,,,,,,,,,,,,,,,,,,,,,,,,,,,,,,,,,,,
,,,,,,,,,,,,,,,,,,,,,,,,,,,,,,,,,,,,,,,,,,,,,,,,,,,,,,,,,,,,,,,,,,,,,,,,,,,,
,,,,,,,,,,,,,,,,,,,,,,,,,,,,,,,,,,,,,,,,,,,,,,,,,,,,,,,,,,,,,,,,,,,,,,,,,,,,
,,,,,,,,,,,,,,,,,,,,,,,,,,,,,,,,,,,,,,,,,,,,,,,,,,,,,,,,,,,,,,,,,,,,,,,,,,,,
,,,,,,,,,,,,,,,,,,,,,,,,,,,,,,,,,,,,,,,,,,,,,,,,,,,,,,,,,,,,,,,,,,,,,,,,,,,,
,,,,,,,,,,,,,,,,,,,,,,,,,,,,,,,,,,,,,,,,,,,,,,,,,,,,,,,,,,,,,,,,,,,,,,,,,,,,
,,,,,,,,,,,,,,,,,,,,,,,,,,,,,,,,,,,,,,,,,,,,,,,,,,,,,,,,,,,,,,,,,,,,,,,,,,,,
,,,,,,,,,,,,,,,,,,,,,,,,,,,,,,,,,,,,,,,,,,,,,,,,,,,,,,,,,,,,,,,,,,,,,,,,,,,,
,,,,,,,,,,,,,,,,,,,,,,,,,,,,,,,,,,,,,,,,,,,,,,,,,,,,,,,,,,,,,,,,,,,,,,,,,,,,
,,,,,,,,,,,,,,,,,,,,,,,,,,,,,,,,,,,,,,,,,,,,,,,,,,,,,,,,,,,,,,,,,,,,,,,,,,,,
,,,,,,,,,,,,,,,,,,,,,,,,,,,,,,,,,,,,,,,,,,,,,,,,,,,,,,,,,,,,,,,,,,,,,,,,,,,,
,,,,,,,,,,,,,,,,,,,,,,,,,,,,,,,,,,,,,,,,,,,,,,,,,,,,,,,,,,,,,,,,,,,,,,,,,,,,
,,,,,,,,,,,,,,,,,,,,,,,,,,,,,,,,,,,,,,,,,,,,,,,,,,,,,,,,,,,,,,,,,,,,,,,,,,,,
,,,,,,,,,,,,,,,,,,,,,,,,,,,,,,,,,,,,,,,,,,,,,,,,,,,,,,,,,,,,,,,,,,,,,,,,,,,,
,,,,,,,,,,,,,,,,,,,,,,,,,,,,,,,,,,,,,,,,,,,,,,,,,,,,,,,,,,,,,,,,,,,,,,,,,,,,
,,,,,,,,,,,,,,,,,,,,,,,,,,,,,,,,,,,,,,,,,,,,,,,,,,,,,,,,,,,,,,,,,,,,,,,,,,,,
,,,,,,,,,,,,,,,,,,,,,,,,,,,,,,,,,,,,,,,,,,,,,,,,,,,,,,,,,,,,,,,,,,,,,,,,,,,,
,,,,,,,,,,,,,,,,,,,,,,,,,,,,,,,,,,,,,,,,,,,,,,,,,,,,,,,,,,,,,,,,,,,,,,,,,,,,
,,,,,,,,,,,,,,,,,,,,,,,,,,,,,,,,,,,,,,,,,,,,,,,,,,,,,,,,,,,,,,,,,,,,,,,,,,,,
,,,,,,,,,,,,,,,,,,,,,,,,,,,,,,,,,,,,,,,,,,,,,,,,,,,,,,,,,,,,,,,,,,,,,,,,,,,,
,,,,,,,,,,,,,,,,,,,,,,,,,,,,,,,,,,,,,,,,,,,,,,,,,,,,,,,,,,,,,,,,,,,,,,,,,,,,
,,,,,,,,,,,,,,,,,,,,,,,,,,,,,,,,,,,,,,,,,,,,,,,,,,,,,,,,,,,,,,,,,,,,,,,,,,,,
,,,,,,,,,,,,,,,,,,,,,,,,,,,,,,,,,,,,,,,,,,,,,,,,,,,,,,,,,,,,,,,,,,,,,,,,,,,,
,,,,,,,,,,,,,,,,,,,,,,,,,,,,,,,,,,,,,,,,,,,,,,,,,,,,,,,,,,,,,,,,,,,,,,,,,,,,
,,,,,,,,,,,,,,,,,,,,,,,,,,,,,,,,,,,,,,,,,,,,,,,,,,,,,,,,,,,,,,,,,,,,,,,,,,,,
,,,,,,,,,,,,,,,,,,,,,,,,,,,,,,,,,,,,,,,,,,,,,,,,,,,,,,,,,,,,,,,,,,,,,,,,,,,,
,,,,,,,,,,,,,,,,,,,,,,,,,,,,,,,,,,,,,,,,,,,,,,,,,,,,,,,,,,,,,,,,,,,,,,,,,,,,
,,,,,,,,,,,,,,,,,,,,,,,,,,,,,,,,,,,,,,,,,,,,,,,,,,,,,,,,,,,,,,,,,,,,,,,,,,,,
,,,,,,,,,,,,,,,,,,,,,,,,,,,,,,,,,,,,,,,,,,,,,,,,,,,,,,,,,,,,,,,,,,,,,,,,,,,,
,,,,,,,,,,,,,,,,,,,,,,,,,,,,,,,,,,,,,,,,,,,,,,,,,,,,,,,,,,,,,,,,,,,,,,,,,,,,
,,,,,,,,,,,,,,,,,,,,,,,,,,,,,,,,,,,,,,,,,,,,,,,,,,,,,,,,,,,,,,,,,,,,,,,,,,,,
,,,,,,,,,,,,,,,,,,,,,,,,,,,,,,,,,,,,,,,,,,,,,,,,,,,,,,,,,,,,,,,,,,,,,,,,,,,,
,,,,,,,,,,,,,,,,,,,,,,,,,,,,,,,,,,,,,,,,,,,,,,,,,,,,,,,,,,,,,,,,,,,,,,,,,,,,
,,,,,,,,,,,,,,,,,,,,,,,,,,,,,,,,,,,,,,,,,,,,,,,,,,,,,,,,,,,,,,,,,,,,,,,,,,,,
,,,,,,,,,,,,,,,,,,,,,,,,,,,,,,,,,,,,,,,,,,,,,,,,,,,,,,,,,,,,,,,,,,,,,,,,,,,,
,,,,,,,,,,,,,,,,,,,,,,,,,,,,,,,,,,,,,,,,,,,,,,,,,,,,,,,,,,,,,,,,,,,,,,,,,,,,
,,,,,,,,,,,,,,,,,,,,,,,,,,,,,,,,,,,,,,,,,,,,,,,,,,,,,,,,,,,,,,,,,,,,,,,,,,,,
,,,,,,,,,,,,,,,,,,,,,,,,,,,,,,,,,,,,,,,,,,,,,,,,,,,,,,,,,,,,,,,,,,,,,,,,,,,,
,,,,,,,,,,,,,,,,,,,,,,,,,,,,,,,,,,,,,,,,,,,,,,,,,,,,,,,,,,,,,,,,,,,,,,,,,,,,
,,,,,,,,,,,,,,,,,,,,,,,,,,,,,,,,,,,,,,,,,,,,,,,,,,,,,,,,,,,,,,,,,,,,,,,,,,,,
,,,,,,,,,,,,,,,,,,,,,,,,,,,,,,,,,,,,,,,,,,,,,,,,,,,,,,,,,,,,,,,,,,,,,,,,,,,,
,,,,,,,,,,,,,,,,,,,,,,,,,,,,,,,,,,,,,,,,,,,,,,,,,,,,,,,,,,,,,,,,,,,,,,,,,,,,
,,,,,,,,,,,,,,,,,,,,,,,,,,,,,,,,,,,,,,,,,,,,,,,,,,,,,,,,,,,,,,,,,,,,,,,,,,,,
,,,,,,,,,,,,,,,,,,,,,,,,,,,,,,,,,,,,,,,,,,,,,,,,,,,,,,,,,,,,,,,,,,,,,,,,,,,,
,,,,,,,,,,,,,,,,,,,,,,,,,,,,,,,,,,,,,,,,,,,,,,,,,,,,,,,,,,,,,,,,,,,,,,,,,,,,
,,,,,,,,,,,,,,,,,,,,,,,,,,,,,,,,,,,,,,,,,,,,,,,,,,,,,,,,,,,,,,,,,,,,,,,,,,,,
,,,,,,,,,,,,,,,,,,,,,,,,,,,,,,,,,,,,,,,,,,,,,,,,,,,,,,,,,,,,,,,,,,,,,,,,,,,,
,,,,,,,,,,,,,,,,,,,,,,,,,,,,,,,,,,,,,,,,,,,,,,,,,,,,,,,,,,,,,,,,,,,,,,,,,,,,
,,,,,,,,,,,,,,,,,,,,,,,,,,,,,,,,,,,,,,,,,,,,,,,,,,,,,,,,,,,,,,,,,,,,,,,,,,,,
,,,,,,,,,,,,,,,,,,,,,,,,,,,,,,,,,,,,,,,,,,,,,,,,,,,,,,,,,,,,,,,,,,,,,,,,,,,,
,,,,,,,,,,,,,,,,,,,,,,,,,,,,,,,,,,,,,,,,,,,,,,,,,,,,,,,,,,,,,,,,,,,,,,,,,,,,
,,,,,,,,,,,,,,,,,,,,,,,,,,,,,,,,,,,,,,,,,,,,,,,,,,,,,,,,,,,,,,,,,,,,,,,,,,,,
,,,,,,,,,,,,,,,,,,,,,,,,,,,,,,,,,,,,,,,,,,,,,,,,,,,,,,,,,,,,,,,,,,,,,,,,,,,,
,,,,,,,,,,,,,,,,,,,,,,,,,,,,,,,,,,,,,,,,,,,,,,,,,,,,,,,,,,,,,,,,,,,,,,,,,,,,
,,,,,,,,,,,,,,,,,,,,,,,,,,,,,,,,,,,,,,,,,,,,,,,,,,,,,,,,,,,,,,,,,,,,,,,,,,,,
,,,,,,,,,,,,,,,,,,,,,,,,,,,,,,,,,,,,,,,,,,,,,,,,,,,,,,,,,,,,,,,,,,,,,,,,,,,,
,,,,,,,,,,,,,,,,,,,,,,,,,,,,,,,,,,,,,,,,,,,,,,,,,,,,,,,,,,,,,,,,,,,,,,,,,,,,
,,,,,,,,,,,,,,,,,,,,,,,,,,,,,,,,,,,,,,,,,,,,,,,,,,,,,,,,,,,,,,,,,,,,,,,,,,,,
,,,,,,,,,,,,,,,,,,,,,,,,,,,,,,,,,,,,,,,,,,,,,,,,,,,,,,,,,,,,,,,,,,,,,,,,,,,,
,,,,,,,,,,,,,,,,,,,,,,,,,,,,,,,,,,,,,,,,,,,,,,,,,,,,,,,,,,,,,,,,,,,,,,,,,,,,
,,,,,,,,,,,,,,,,,,,,,,,,,,,,,,,,,,,,,,,,,,,,,,,,,,,,,,,,,,,,,,,,,,,,,,,,,,,,
,,,,,,,,,,,,,,,,,,,,,,,,,,,,,,,,,,,,,,,,,,,,,,,,,,,,,,,,,,,,,,,,,,,,,,,,,,,,
,,,,,,,,,,,,,,,,,,,,,,,,,,,,,,,,,,,,,,,,,,,,,,,,,,,,,,,,,,,,,,,,,,,,,,,,,,,,
,,,,,,,,,,,,,,,,,,,,,,,,,,,,,,,,,,,,,,,,,,,,,,,,,,,,,,,,,,,,,,,,,,,,,,,,,,,,
,,,,,,,,,,,,,,,,,,,,,,,,,,,,,,,,,,,,,,,,,,,,,,,,,,,,,,,,,,,,,,,,,,,,,,,,,,,,
,,,,,,,,,,,,,,,,,,,,,,,,,,,,,,,,,,,,,,,,,,,,,,,,,,,,,,,,,,,,,,,,,,,,,,,,,,,,
,,,,,,,,,,,,,,,,,,,,,,,,,,,,,,,,,,,,,,,,,,,,,,,,,,,,,,,,,,,,,,,,,,,,,,,,,,,,
,,,,,,,,,,,,,,,,,,,,,,,,,,,,,,,,,,,,,,,,,,,,,,,,,,,,,,,,,,,,,,,,,,,,,,,,,,,,
,,,,,,,,,,,,,,,,,,,,,,,,,,,,,,,,,,,,,,,,,,,,,,,,,,,,,,,,,,,,,,,,,,,,,,,,,,,,
,,,,,,,,,,,,,,,,,,,,,,,,,,,,,,,,,,,,,,,,,,,,,,,,,,,,,,,,,,,,,,,,,,,,,,,,,,,,
,,,,,,,,,,,,,,,,,,,,,,,,,,,,,,,,,,,,,,,,,,,,,,,,,,,,,,,,,,,,,,,,,,,,,,,,,,,,
,,,,,,,,,,,,,,,,,,,,,,,,,,,,,,,,,,,,,,,,,,,,,,,,,,,,,,,,,,,,,,,,,,,,,,,,,,,,
,,,,,,,,,,,,,,,,,,,,,,,,,,,,,,,,,,,,,,,,,,,,,,,,,,,,,,,,,,,,,,,,,,,,,,,,,,,,
,,,,,,,,,,,,,,,,,,,,,,,,,,,,,,,,,,,,,,,,,,,,,,,,,,,,,,,,,,,,,,,,,,,,,,,,,,,,
,,,,,,,,,,,,,,,,,,,,,,,,,,,,,,,,,,,,,,,,,,,,,,,,,,,,,,,,,,,,,,,,,,,,,,,,,,,,
,,,,,,,,,,,,,,,,,,,,,,,,,,,,,,,,,,,,,,,,,,,,,,,,,,,,,,,,,,,,,,,,,,,,,,,,,,,,
,,,,,,,,,,,,,,,,,,,,,,,,,,,,,,,,,,,,,,,,,,,,,,,,,,,,,,,,,,,,,,,,,,,,,,,,,,,,
,,,,,,,,,,,,,,,,,,,,,,,,,,,,,,,,,,,,,,,,,,,,,,,,,,,,,,,,,,,,,,,,,,,,,,,,,,,,
,,,,,,,,,,,,,,,,,,,,,,,,,,,,,,,,,,,,,,,,,,,,,,,,,,,,,,,,,,,,,,,,,,,,,,,,,,,,
,,,,,,,,,,,,,,,,,,,,,,,,,,,,,,,,,,,,,,,,,,,,,,,,,,,,,,,,,,,,,,,,,,,,,,,,,,,,
,,,,,,,,,,,,,,,,,,,,,,,,,,,,,,,,,,,,,,,,,,,,,,,,,,,,,,,,,,,,,,,,,,,,,,,,,,,,
,,,,,,,,,,,,,,,,,,,,,,,,,,,,,,,,,,,,,,,,,,,,,,,,,,,,,,,,,,,,,,,,,,,,,,,,,,,,
,,,,,,,,,,,,,,,,,,,,,,,,,,,,,,,,,,,,,,,,,,,,,,,,,,,,,,,,,,,,,,,,,,,,,,,,,,,,
,,,,,,,,,,,,,,,,,,,,,,,,,,,,,,,,,,,,,,,,,,,,,,,,,,,,,,,,,,,,,,,,,,,,,,,,,,,,
,,,,,,,,,,,,,,,,,,,,,,,,,,,,,,,,,,,,,,,,,,,,,,,,,,,,,,,,,,,,,,,,,,,,,,,,,,,,
,,,,,,,,,,,,,,,,,,,,,,,,,,,,,,,,,,,,,,,,,,,,,,,,,,,,,,,,,,,,,,,,,,,,,,,,,,,,
,,,,,,,,,,,,,,,,,,,,,,,,,,,,,,,,,,,,,,,,,,,,,,,,,,,,,,,,,,,,,,,,,,,,,,,,,,,,
,,,,,,,,,,,,,,,,,,,,,,,,,,,,,,,,,,,,,,,,,,,,,,,,,,,,,,,,,,,,,,,,,,,,,,,,,,,,
,,,,,,,,,,,,,,,,,,,,,,,,,,,,,,,,,,,,,,,,,,,,,,,,,,,,,,,,,,,,,,,,,,,,,,,,,,,,
,,,,,,,,,,,,,,,,,,,,,,,,,,,,,,,,,,,,,,,,,,,,,,,,,,,,,,,,,,,,,,,,,,,,,,,,,,,,
,,,,,,,,,,,,,,,,,,,,,,,,,,,,,,,,,,,,,,,,,,,,,,,,,,,,,,,,,,,,,,,,,,,,,,,,,,,,
,,,,,,,,,,,,,,,,,,,,,,,,,,,,,,,,,,,,,,,,,,,,,,,,,,,,,,,,,,,,,,,,,,,,,,,,,,,,
,,,,,,,,,,,,,,,,,,,,,,,,,,,,,,,,,,,,,,,,,,,,,,,,,,,,,,,,,,,,,,,,,,,,,,,,,,,,
,,,,,,,,,,,,,,,,,,,,,,,,,,,,,,,,,,,,,,,,,,,,,,,,,,,,,,,,,,,,,,,,,,,,,,,,,,,,
,,,,,,,,,,,,,,,,,,,,,,,,,,,,,,,,,,,,,,,,,,,,,,,,,,,,,,,,,,,,,,,,,,,,,,,,,,,,
,,,,,,,,,,,,,,,,,,,,,,,,,,,,,,,,,,,,,,,,,,,,,,,,,,,,,,,,,,,,,,,,,,,,,,,,,,,,
,,,,,,,,,,,,,,,,,,,,,,,,,,,,,,,,,,,,,,,,,,,,,,,,,,,,,,,,,,,,,,,,,,,,,,,,,,,,
,,,,,,,,,,,,,,,,,,,,,,,,,,,,,,,,,,,,,,,,,,,,,,,,,,,,,,,,,,,,,,,,,,,,,,,,,,,,
,,,,,,,,,,,,,,,,,,,,,,,,,,,,,,,,,,,,,,,,,,,,,,,,,,,,,,,,,,,,,,,,,,,,,,,,,,,,
,,,,,,,,,,,,,,,,,,,,,,,,,,,,,,,,,,,,,,,,,,,,,,,,,,,,,,,,,,,,,,,,,,,,,,,,,,,,
,,,,,,,,,,,,,,,,,,,,,,,,,,,,,,,,,,,,,,,,,,,,,,,,,,,,,,,,,,,,,,,,,,,,,,,,,,,,
,,,,,,,,,,,,,,,,,,,,,,,,,,,,,,,,,,,,,,,,,,,,,,,,,,,,,,,,,,,,,,,,,,,,,,,,,,,,
,,,,,,,,,,,,,,,,,,,,,,,,,,,,,,,,,,,,,,,,,,,,,,,,,,,,,,,,,,,,,,,,,,,,,,,,,,,,
,,,,,,,,,,,,,,,,,,,,,,,,,,,,,,,,,,,,,,,,,,,,,,,,,,,,,,,,,,,,,,,,,,,,,,,,,,,,
,,,,,,,,,,,,,,,,,,,,,,,,,,,,,,,,,,,,,,,,,,,,,,,,,,,,,,,,,,,,,,,,,,,,,,,,,,,,
,,,,,,,,,,,,,,,,,,,,,,,,,,,,,,,,,,,,,,,,,,,,,,,,,,,,,,,,,,,,,,,,,,,,,,,,,,,,
,,,,,,,,,,,,,,,,,,,,,,,,,,,,,,,,,,,,,,,,,,,,,,,,,,,,,,,,,,,,,,,,,,,,,,,,,,,,
,,,,,,,,,,,,,,,,,,,,,,,,,,,,,,,,,,,,,,,,,,,,,,,,,,,,,,,,,,,,,,,,,,,,,,,,,,,,
,,,,,,,,,,,,,,,,,,,,,,,,,,,,,,,,,,,,,,,,,,,,,,,,,,,,,,,,,,,,,,,,,,,,,,,,,,,,
,,,,,,,,,,,,,,,,,,,,,,,,,,,,,,,,,,,,,,,,,,,,,,,,,,,,,,,,,,,,,,,,,,,,,,,,,,,,
,,,,,,,,,,,,,,,,,,,,,,,,,,,,,,,,,,,,,,,,,,,,,,,,,,,,,,,,,,,,,,,,,,,,,,,,,,,,
,,,,,,,,,,,,,,,,,,,,,,,,,,,,,,,,,,,,,,,,,,,,,,,,,,,,,,,,,,,,,,,,,,,,,,,,,,,,
,,,,,,,,,,,,,,,,,,,,,,,,,,,,,,,,,,,,,,,,,,,,,,,,,,,,,,,,,,,,,,,,,,,,,,,,,,,,
,,,,,,,,,,,,,,,,,,,,,,,,,,,,,,,,,,,,,,,,,,,,,,,,,,,,,,,,,,,,,,,,,,,,,,,,,,,,
,,,,,,,,,,,,,,,,,,,,,,,,,,,,,,,,,,,,,,,,,,,,,,,,,,,,,,,,,,,,,,,,,,,,,,,,,,,,
,,,,,,,,,,,,,,,,,,,,,,,,,,,,,,,,,,,,,,,,,,,,,,,,,,,,,,,,,,,,,,,,,,,,,,,,,,,,
,,,,,,,,,,,,,,,,,,,,,,,,,,,,,,,,,,,,,,,,,,,,,,,,,,,,,,,,,,,,,,,,,,,,,,,,,,,,
,,,,,,,,,,,,,,,,,,,,,,,,,,,,,,,,,,,,,,,,,,,,,,,,,,,,,,,,,,,,,,,,,,,,,,,,,,,,
,,,,,,,,,,,,,,,,,,,,,,,,,,,,,,,,,,,,,,,,,,,,,,,,,,,,,,,,,,,,,,,,,,,,,,,,,,,,
,,,,,,,,,,,,,,,,,,,,,,,,,,,,,,,,,,,,,,,,,,,,,,,,,,,,,,,,,,,,,,,,,,,,,,,,,,,,
,,,,,,,,,,,,,,,,,,,,,,,,,,,,,,,,,,,,,,,,,,,,,,,,,,,,,,,,,,,,,,,,,,,,,,,,,,,,
,,,,,,,,,,,,,,,,,,,,,,,,,,,,,,,,,,,,,,,,,,,,,,,,,,,,,,,,,,,,,,,,,,,,,,,,,,,,
,,,,,,,,,,,,,,,,,,,,,,,,,,,,,,,,,,,,,,,,,,,,,,,,,,,,,,,,,,,,,,,,,,,,,,,,,,,,
,,,,,,,,,,,,,,,,,,,,,,,,,,,,,,,,,,,,,,,,,,,,,,,,,,,,,,,,,,,,,,,,,,,,,,,,,,,,
,,,,,,,,,,,,,,,,,,,,,,,,,,,,,,,,,,,,,,,,,,,,,,,,,,,,,,,,,,,,,,,,,,,,,,,,,,,,
,,,,,,,,,,,,,,,,,,,,,,,,,,,,,,,,,,,,,,,,,,,,,,,,,,,,,,,,,,,,,,,,,,,,,,,,,,,,
,,,,,,,,,,,,,,,,,,,,,,,,,,,,,,,,,,,,,,,,,,,,,,,,,,,,,,,,,,,,,,,,,,,,,,,,,,,,
,,,,,,,,,,,,,,,,,,,,,,,,,,,,,,,,,,,,,,,,,,,,,,,,,,,,,,,,,,,,,,,,,,,,,,,,,,,,
,,,,,,,,,,,,,,,,,,,,,,,,,,,,,,,,,,,,,,,,,,,,,,,,,,,,,,,,,,,,,,,,,,,,,,,,,,,,
,,,,,,,,,,,,,,,,,,,,,,,,,,,,,,,,,,,,,,,,,,,,,,,,,,,,,,,,,,,,,,,,,,,,,,,,,,,,
,,,,,,,,,,,,,,,,,,,,,,,,,,,,,,,,,,,,,,,,,,,,,,,,,,,,,,,,,,,,,,,,,,,,,,,,,,,,
